"","datetime","site_id","depth","observation","variable"
"1","2020-04-06 00:00:00","fcre",NA,2.0477543,"co2flux_umolm2s_mean"
"2","2020-04-06 00:00:00","fcre",NA,0.00105178947368421,"ch4flux_umolm2s_mean"
"3","2020-04-14 00:00:00","fcre",NA,1.51865448484848,"co2flux_umolm2s_mean"
"4","2020-04-14 00:00:00","fcre",NA,NA,"ch4flux_umolm2s_mean"
"5","2020-04-15 00:00:00","fcre",NA,0.575023739130435,"co2flux_umolm2s_mean"
"6","2020-04-15 00:00:00","fcre",NA,NA,"ch4flux_umolm2s_mean"
"7","2020-04-18 00:00:00","fcre",NA,1.39167204761905,"co2flux_umolm2s_mean"
"8","2020-04-18 00:00:00","fcre",NA,0.0011295,"ch4flux_umolm2s_mean"
"9","2020-05-01 00:00:00","fcre",NA,1.01609374074074,"co2flux_umolm2s_mean"
"10","2020-05-01 00:00:00","fcre",NA,0.0022527037037037,"ch4flux_umolm2s_mean"
"11","2020-05-02 00:00:00","fcre",NA,1.82594157692308,"co2flux_umolm2s_mean"
"12","2020-05-02 00:00:00","fcre",NA,0.00209546428571429,"ch4flux_umolm2s_mean"
"13","2020-05-04 00:00:00","fcre",NA,1.63578285185185,"co2flux_umolm2s_mean"
"14","2020-05-04 00:00:00","fcre",NA,-0.000196291666666667,"ch4flux_umolm2s_mean"
"15","2020-05-07 00:00:00","fcre",NA,1.19142388,"co2flux_umolm2s_mean"
"16","2020-05-07 00:00:00","fcre",NA,0.00200642857142857,"ch4flux_umolm2s_mean"
"17","2020-05-30 00:00:00","fcre",NA,5.54599488235294,"co2flux_umolm2s_mean"
"18","2020-05-30 00:00:00","fcre",NA,NA,"ch4flux_umolm2s_mean"
"19","2020-05-31 00:00:00","fcre",NA,3.425058875,"co2flux_umolm2s_mean"
"20","2020-05-31 00:00:00","fcre",NA,NA,"ch4flux_umolm2s_mean"
"21","2020-06-06 00:00:00","fcre",NA,3.99674352173913,"co2flux_umolm2s_mean"
"22","2020-06-06 00:00:00","fcre",NA,0.00407259090909091,"ch4flux_umolm2s_mean"
"23","2020-06-07 00:00:00","fcre",NA,6.86376955,"co2flux_umolm2s_mean"
"24","2020-06-07 00:00:00","fcre",NA,0.000436818181818182,"ch4flux_umolm2s_mean"
"25","2020-06-12 00:00:00","fcre",NA,2.91585571428571,"co2flux_umolm2s_mean"
"26","2020-06-12 00:00:00","fcre",NA,0.00774066666666667,"ch4flux_umolm2s_mean"
"27","2020-06-20 00:00:00","fcre",NA,-0.639203523809524,"co2flux_umolm2s_mean"
"28","2020-06-20 00:00:00","fcre",NA,NA,"ch4flux_umolm2s_mean"
"29","2020-06-21 00:00:00","fcre",NA,1.995911,"co2flux_umolm2s_mean"
"30","2020-06-21 00:00:00","fcre",NA,NA,"ch4flux_umolm2s_mean"
"31","2020-06-25 00:00:00","fcre",NA,1.53690536,"co2flux_umolm2s_mean"
"32","2020-06-25 00:00:00","fcre",NA,0.00780054166666667,"ch4flux_umolm2s_mean"
"33","2020-06-27 00:00:00","fcre",NA,8.50876742105263,"co2flux_umolm2s_mean"
"34","2020-06-27 00:00:00","fcre",NA,0.00553066666666667,"ch4flux_umolm2s_mean"
"35","2020-06-29 00:00:00","fcre",NA,9.75661751851852,"co2flux_umolm2s_mean"
"36","2020-06-29 00:00:00","fcre",NA,0.0136942857142857,"ch4flux_umolm2s_mean"
"37","2020-06-30 00:00:00","fcre",NA,8.37162257575758,"co2flux_umolm2s_mean"
"38","2020-06-30 00:00:00","fcre",NA,0.0115851034482759,"ch4flux_umolm2s_mean"
"39","2020-07-01 00:00:00","fcre",NA,5.49805320833333,"co2flux_umolm2s_mean"
"40","2020-07-01 00:00:00","fcre",NA,0.0100604761904762,"ch4flux_umolm2s_mean"
"41","2020-07-02 00:00:00","fcre",NA,1.272435125,"co2flux_umolm2s_mean"
"42","2020-07-02 00:00:00","fcre",NA,0.0143006666666667,"ch4flux_umolm2s_mean"
"43","2020-07-03 00:00:00","fcre",NA,3.17588341666667,"co2flux_umolm2s_mean"
"44","2020-07-03 00:00:00","fcre",NA,0.0042836,"ch4flux_umolm2s_mean"
"45","2020-07-04 00:00:00","fcre",NA,6.52606218181818,"co2flux_umolm2s_mean"
"46","2020-07-04 00:00:00","fcre",NA,0.0129557142857143,"ch4flux_umolm2s_mean"
"47","2020-07-14 00:00:00","fcre",NA,-0.0108087407407407,"co2flux_umolm2s_mean"
"48","2020-07-14 00:00:00","fcre",NA,0.009685744,"ch4flux_umolm2s_mean"
"49","2020-07-18 00:00:00","fcre",NA,9.79583295238095,"co2flux_umolm2s_mean"
"50","2020-07-18 00:00:00","fcre",NA,0.00115485714285714,"ch4flux_umolm2s_mean"
"51","2020-07-19 00:00:00","fcre",NA,9.50906525,"co2flux_umolm2s_mean"
"52","2020-07-19 00:00:00","fcre",NA,0.00435304761904762,"ch4flux_umolm2s_mean"
"53","2020-07-20 00:00:00","fcre",NA,8.93686096153846,"co2flux_umolm2s_mean"
"54","2020-07-20 00:00:00","fcre",NA,0.00766045833333333,"ch4flux_umolm2s_mean"
"55","2020-07-25 00:00:00","fcre",NA,12.7040579090909,"co2flux_umolm2s_mean"
"56","2020-07-25 00:00:00","fcre",NA,NA,"ch4flux_umolm2s_mean"
"57","2020-07-30 00:00:00","fcre",NA,4.76355252941176,"co2flux_umolm2s_mean"
"58","2020-07-30 00:00:00","fcre",NA,0.0192681818181818,"ch4flux_umolm2s_mean"
"59","2020-08-05 00:00:00","fcre",NA,5.92542315789474,"co2flux_umolm2s_mean"
"60","2020-08-05 00:00:00","fcre",NA,0.00564411111111111,"ch4flux_umolm2s_mean"
"61","2020-09-05 00:00:00","fcre",NA,1.43130592592593,"co2flux_umolm2s_mean"
"62","2020-09-05 00:00:00","fcre",NA,0.00539552896551724,"ch4flux_umolm2s_mean"
"63","2020-09-06 00:00:00","fcre",NA,-1.3284162,"co2flux_umolm2s_mean"
"64","2020-09-06 00:00:00","fcre",NA,0.014684,"ch4flux_umolm2s_mean"
"65","2020-09-09 00:00:00","fcre",NA,-0.346124461538462,"co2flux_umolm2s_mean"
"66","2020-09-09 00:00:00","fcre",NA,-6.94999999999999e-06,"ch4flux_umolm2s_mean"
"67","2020-09-10 00:00:00","fcre",NA,4.78140126666667,"co2flux_umolm2s_mean"
"68","2020-09-10 00:00:00","fcre",NA,0.00175357142857143,"ch4flux_umolm2s_mean"
"69","2020-09-11 00:00:00","fcre",NA,4.96929375,"co2flux_umolm2s_mean"
"70","2020-09-11 00:00:00","fcre",NA,0.0146044444444444,"ch4flux_umolm2s_mean"
"71","2020-09-18 00:00:00","fcre",NA,0.103855913043478,"co2flux_umolm2s_mean"
"72","2020-09-18 00:00:00","fcre",NA,0.0169779166666667,"ch4flux_umolm2s_mean"
"73","2020-09-19 00:00:00","fcre",NA,-0.063444,"co2flux_umolm2s_mean"
"74","2020-09-19 00:00:00","fcre",NA,0.00695229411764706,"ch4flux_umolm2s_mean"
"75","2020-09-20 00:00:00","fcre",NA,-0.66759545,"co2flux_umolm2s_mean"
"76","2020-09-20 00:00:00","fcre",NA,0.0147124909090909,"ch4flux_umolm2s_mean"
"77","2020-09-21 00:00:00","fcre",NA,-0.314240619047619,"co2flux_umolm2s_mean"
"78","2020-09-21 00:00:00","fcre",NA,0.00593793076923077,"ch4flux_umolm2s_mean"
"79","2020-09-22 00:00:00","fcre",NA,-0.57124715,"co2flux_umolm2s_mean"
"80","2020-09-22 00:00:00","fcre",NA,0.0110506666666667,"ch4flux_umolm2s_mean"
"81","2020-09-23 00:00:00","fcre",NA,1.64546782608696,"co2flux_umolm2s_mean"
"82","2020-09-23 00:00:00","fcre",NA,0.01795,"ch4flux_umolm2s_mean"
"83","2020-09-24 00:00:00","fcre",NA,-0.0720222631578947,"co2flux_umolm2s_mean"
"84","2020-09-24 00:00:00","fcre",NA,0.01084545,"ch4flux_umolm2s_mean"
"85","2020-09-26 00:00:00","fcre",NA,0.806704857142857,"co2flux_umolm2s_mean"
"86","2020-09-26 00:00:00","fcre",NA,NA,"ch4flux_umolm2s_mean"
"87","2020-09-27 00:00:00","fcre",NA,-0.169875,"co2flux_umolm2s_mean"
"88","2020-09-27 00:00:00","fcre",NA,NA,"ch4flux_umolm2s_mean"
"89","2020-10-01 00:00:00","fcre",NA,0.639781529411765,"co2flux_umolm2s_mean"
"90","2020-10-01 00:00:00","fcre",NA,NA,"ch4flux_umolm2s_mean"
"91","2020-10-02 00:00:00","fcre",NA,0.947392909090909,"co2flux_umolm2s_mean"
"92","2020-10-02 00:00:00","fcre",NA,NA,"ch4flux_umolm2s_mean"
"93","2020-10-03 00:00:00","fcre",NA,-0.00848940909090904,"co2flux_umolm2s_mean"
"94","2020-10-03 00:00:00","fcre",NA,NA,"ch4flux_umolm2s_mean"
"95","2020-10-05 00:00:00","fcre",NA,-0.154509724137931,"co2flux_umolm2s_mean"
"96","2020-10-05 00:00:00","fcre",NA,NA,"ch4flux_umolm2s_mean"
"97","2020-10-08 00:00:00","fcre",NA,4.37105940740741,"co2flux_umolm2s_mean"
"98","2020-10-08 00:00:00","fcre",NA,0.0064504347826087,"ch4flux_umolm2s_mean"
"99","2020-10-12 00:00:00","fcre",NA,0.7485455,"co2flux_umolm2s_mean"
"100","2020-10-12 00:00:00","fcre",NA,NA,"ch4flux_umolm2s_mean"
"101","2020-10-14 00:00:00","fcre",NA,4.23881141666667,"co2flux_umolm2s_mean"
"102","2020-10-14 00:00:00","fcre",NA,0.00798109523809524,"ch4flux_umolm2s_mean"
"103","2020-10-16 00:00:00","fcre",NA,1.31520675,"co2flux_umolm2s_mean"
"104","2020-10-16 00:00:00","fcre",NA,0.00747672,"ch4flux_umolm2s_mean"
"105","2020-10-17 00:00:00","fcre",NA,-0.6502463125,"co2flux_umolm2s_mean"
"106","2020-10-17 00:00:00","fcre",NA,0.00475571428571429,"ch4flux_umolm2s_mean"
"107","2020-10-19 00:00:00","fcre",NA,-0.4526685,"co2flux_umolm2s_mean"
"108","2020-10-19 00:00:00","fcre",NA,0.00427725,"ch4flux_umolm2s_mean"
"109","2020-10-22 00:00:00","fcre",NA,0.732177176470588,"co2flux_umolm2s_mean"
"110","2020-10-22 00:00:00","fcre",NA,0.0165145,"ch4flux_umolm2s_mean"
"111","2020-10-27 00:00:00","fcre",NA,4.202355,"co2flux_umolm2s_mean"
"112","2020-10-27 00:00:00","fcre",NA,0.00937076923076923,"ch4flux_umolm2s_mean"
"113","2020-11-03 00:00:00","fcre",NA,2.07494036,"co2flux_umolm2s_mean"
"114","2020-11-03 00:00:00","fcre",NA,0.00232194347826087,"ch4flux_umolm2s_mean"
"115","2020-11-04 00:00:00","fcre",NA,2.20629616,"co2flux_umolm2s_mean"
"116","2020-11-04 00:00:00","fcre",NA,0.000960004347826087,"ch4flux_umolm2s_mean"
"117","2020-11-05 00:00:00","fcre",NA,2.28934157142857,"co2flux_umolm2s_mean"
"118","2020-11-05 00:00:00","fcre",NA,0.000178048,"ch4flux_umolm2s_mean"
"119","2020-11-06 00:00:00","fcre",NA,1.39999661904762,"co2flux_umolm2s_mean"
"120","2020-11-06 00:00:00","fcre",NA,0.003420704,"ch4flux_umolm2s_mean"
"121","2020-11-07 00:00:00","fcre",NA,2.04146088888889,"co2flux_umolm2s_mean"
"122","2020-11-07 00:00:00","fcre",NA,0.0055294,"ch4flux_umolm2s_mean"
"123","2020-11-09 00:00:00","fcre",NA,-4.19083666666667,"co2flux_umolm2s_mean"
"124","2020-11-09 00:00:00","fcre",NA,0.00661555555555556,"ch4flux_umolm2s_mean"
"125","2020-11-18 00:00:00","fcre",NA,1.95649222222222,"co2flux_umolm2s_mean"
"126","2020-11-18 00:00:00","fcre",NA,-0.00135779428571429,"ch4flux_umolm2s_mean"
"127","2020-11-20 00:00:00","fcre",NA,1.47402003703704,"co2flux_umolm2s_mean"
"128","2020-11-20 00:00:00","fcre",NA,-0.00359317857142857,"ch4flux_umolm2s_mean"
"129","2020-11-21 00:00:00","fcre",NA,3.50882957692308,"co2flux_umolm2s_mean"
"130","2020-11-21 00:00:00","fcre",NA,0.00171565517241379,"ch4flux_umolm2s_mean"
"131","2020-11-27 00:00:00","fcre",NA,0.506916913043478,"co2flux_umolm2s_mean"
"132","2020-11-27 00:00:00","fcre",NA,0.00358292173913043,"ch4flux_umolm2s_mean"
"133","2020-11-28 00:00:00","fcre",NA,2.07497825806452,"co2flux_umolm2s_mean"
"134","2020-11-28 00:00:00","fcre",NA,0.00131526,"ch4flux_umolm2s_mean"
"135","2020-12-03 00:00:00","fcre",NA,3.59095068181818,"co2flux_umolm2s_mean"
"136","2020-12-03 00:00:00","fcre",NA,-0.000347473684210526,"ch4flux_umolm2s_mean"
"137","2020-12-06 00:00:00","fcre",NA,1.44507014285714,"co2flux_umolm2s_mean"
"138","2020-12-06 00:00:00","fcre",NA,NA,"ch4flux_umolm2s_mean"
"139","2020-12-07 00:00:00","fcre",NA,1.46799943478261,"co2flux_umolm2s_mean"
"140","2020-12-07 00:00:00","fcre",NA,NA,"ch4flux_umolm2s_mean"
"141","2020-12-08 00:00:00","fcre",NA,1.94019326666667,"co2flux_umolm2s_mean"
"142","2020-12-08 00:00:00","fcre",NA,NA,"ch4flux_umolm2s_mean"
"143","2020-12-09 00:00:00","fcre",NA,2.35992696,"co2flux_umolm2s_mean"
"144","2020-12-09 00:00:00","fcre",NA,NA,"ch4flux_umolm2s_mean"
"145","2020-12-15 00:00:00","fcre",NA,1.2240267826087,"co2flux_umolm2s_mean"
"146","2020-12-15 00:00:00","fcre",NA,-0.00130013043478261,"ch4flux_umolm2s_mean"
"147","2020-12-18 00:00:00","fcre",NA,1.07128165625,"co2flux_umolm2s_mean"
"148","2020-12-18 00:00:00","fcre",NA,-0.00179279705882353,"ch4flux_umolm2s_mean"
"149","2020-12-29 00:00:00","fcre",NA,1.08576913043478,"co2flux_umolm2s_mean"
"150","2020-12-29 00:00:00","fcre",NA,-2.86e-05,"ch4flux_umolm2s_mean"
"151","2021-01-05 00:00:00","fcre",NA,1.35845603030303,"co2flux_umolm2s_mean"
"152","2021-01-05 00:00:00","fcre",NA,-0.00127129,"ch4flux_umolm2s_mean"
"153","2021-01-06 00:00:00","fcre",NA,1.05972077419355,"co2flux_umolm2s_mean"
"154","2021-01-06 00:00:00","fcre",NA,-3.02285714285714e-05,"ch4flux_umolm2s_mean"
"155","2021-01-07 00:00:00","fcre",NA,1.00023981818182,"co2flux_umolm2s_mean"
"156","2021-01-07 00:00:00","fcre",NA,-0.000858740740740741,"ch4flux_umolm2s_mean"
"157","2021-01-08 00:00:00","fcre",NA,0.888245333333333,"co2flux_umolm2s_mean"
"158","2021-01-08 00:00:00","fcre",NA,-0.00119796666666667,"ch4flux_umolm2s_mean"
"159","2021-01-09 00:00:00","fcre",NA,0.537752648648649,"co2flux_umolm2s_mean"
"160","2021-01-09 00:00:00","fcre",NA,0.000488027777777778,"ch4flux_umolm2s_mean"
"161","2021-01-10 00:00:00","fcre",NA,1.02437375,"co2flux_umolm2s_mean"
"162","2021-01-10 00:00:00","fcre",NA,0.000328248148148148,"ch4flux_umolm2s_mean"
"163","2021-01-11 00:00:00","fcre",NA,1.90350977777778,"co2flux_umolm2s_mean"
"164","2021-01-11 00:00:00","fcre",NA,-0.00362348148148148,"ch4flux_umolm2s_mean"
"165","2021-01-12 00:00:00","fcre",NA,0.980918947368421,"co2flux_umolm2s_mean"
"166","2021-01-12 00:00:00","fcre",NA,-0.00133147368421053,"ch4flux_umolm2s_mean"
"167","2021-01-13 00:00:00","fcre",NA,1.505087,"co2flux_umolm2s_mean"
"168","2021-01-13 00:00:00","fcre",NA,0.001848375,"ch4flux_umolm2s_mean"
"169","2021-01-14 00:00:00","fcre",NA,0.89374744,"co2flux_umolm2s_mean"
"170","2021-01-14 00:00:00","fcre",NA,0.00160988461538462,"ch4flux_umolm2s_mean"
"171","2021-01-15 00:00:00","fcre",NA,0.221000529411765,"co2flux_umolm2s_mean"
"172","2021-01-15 00:00:00","fcre",NA,0.0016938125,"ch4flux_umolm2s_mean"
"173","2021-02-01 00:00:00","fcre",NA,0.270913259259259,"co2flux_umolm2s_mean"
"174","2021-02-01 00:00:00","fcre",NA,NA,"ch4flux_umolm2s_mean"
"175","2021-02-02 00:00:00","fcre",NA,1.29486213636364,"co2flux_umolm2s_mean"
"176","2021-02-02 00:00:00","fcre",NA,NA,"ch4flux_umolm2s_mean"
"177","2021-02-04 00:00:00","fcre",NA,0.314364086956522,"co2flux_umolm2s_mean"
"178","2021-02-04 00:00:00","fcre",NA,NA,"ch4flux_umolm2s_mean"
"179","2021-02-07 00:00:00","fcre",NA,0.777966,"co2flux_umolm2s_mean"
"180","2021-02-07 00:00:00","fcre",NA,NA,"ch4flux_umolm2s_mean"
"181","2021-02-25 00:00:00","fcre",NA,0.592265058823529,"co2flux_umolm2s_mean"
"182","2021-02-25 00:00:00","fcre",NA,0.00255603448275862,"ch4flux_umolm2s_mean"
"183","2021-02-26 00:00:00","fcre",NA,0.623111090909091,"co2flux_umolm2s_mean"
"184","2021-02-26 00:00:00","fcre",NA,-0.000172266666666667,"ch4flux_umolm2s_mean"
"185","2021-03-02 00:00:00","fcre",NA,1.01202716129032,"co2flux_umolm2s_mean"
"186","2021-03-02 00:00:00","fcre",NA,-6.40357142857143e-05,"ch4flux_umolm2s_mean"
"187","2021-03-03 00:00:00","fcre",NA,1.0247465,"co2flux_umolm2s_mean"
"188","2021-03-03 00:00:00","fcre",NA,-0.00144381034482759,"ch4flux_umolm2s_mean"
"189","2021-03-04 00:00:00","fcre",NA,-1.57963962068966,"co2flux_umolm2s_mean"
"190","2021-03-04 00:00:00","fcre",NA,0.00301541666666667,"ch4flux_umolm2s_mean"
"191","2021-03-05 00:00:00","fcre",NA,0.246264192307692,"co2flux_umolm2s_mean"
"192","2021-03-05 00:00:00","fcre",NA,-0.000243296428571429,"ch4flux_umolm2s_mean"
"193","2021-03-06 00:00:00","fcre",NA,0.641656090909091,"co2flux_umolm2s_mean"
"194","2021-03-06 00:00:00","fcre",NA,-0.000347908,"ch4flux_umolm2s_mean"
"195","2021-03-07 00:00:00","fcre",NA,0.923874823529412,"co2flux_umolm2s_mean"
"196","2021-03-07 00:00:00","fcre",NA,-0.000977942857142857,"ch4flux_umolm2s_mean"
"197","2021-03-08 00:00:00","fcre",NA,0.209787620689655,"co2flux_umolm2s_mean"
"198","2021-03-08 00:00:00","fcre",NA,-0.00127746896551724,"ch4flux_umolm2s_mean"
"199","2021-03-09 00:00:00","fcre",NA,1.95287464705882,"co2flux_umolm2s_mean"
"200","2021-03-09 00:00:00","fcre",NA,-0.00134827272727273,"ch4flux_umolm2s_mean"
"201","2021-03-10 00:00:00","fcre",NA,0.0227318888888889,"co2flux_umolm2s_mean"
"202","2021-03-10 00:00:00","fcre",NA,0.001147875,"ch4flux_umolm2s_mean"
"203","2021-03-13 00:00:00","fcre",NA,1.23502726086957,"co2flux_umolm2s_mean"
"204","2021-03-13 00:00:00","fcre",NA,0.00143866666666667,"ch4flux_umolm2s_mean"
"205","2021-03-14 00:00:00","fcre",NA,1.94962988888889,"co2flux_umolm2s_mean"
"206","2021-03-14 00:00:00","fcre",NA,-0.00026635,"ch4flux_umolm2s_mean"
"207","2021-03-19 00:00:00","fcre",NA,0.8272584,"co2flux_umolm2s_mean"
"208","2021-03-19 00:00:00","fcre",NA,0.002896225,"ch4flux_umolm2s_mean"
"209","2021-03-21 00:00:00","fcre",NA,0.12214348,"co2flux_umolm2s_mean"
"210","2021-03-21 00:00:00","fcre",NA,-0.000742888461538462,"ch4flux_umolm2s_mean"
"211","2021-03-23 00:00:00","fcre",NA,2.36999446666667,"co2flux_umolm2s_mean"
"212","2021-03-23 00:00:00","fcre",NA,0.000318111111111111,"ch4flux_umolm2s_mean"
"213","2021-04-01 00:00:00","fcre",NA,0.966924833333333,"co2flux_umolm2s_mean"
"214","2021-04-01 00:00:00","fcre",NA,0.00192281515151515,"ch4flux_umolm2s_mean"
"215","2021-04-02 00:00:00","fcre",NA,0.940793761904762,"co2flux_umolm2s_mean"
"216","2021-04-02 00:00:00","fcre",NA,-0.000720323255813954,"ch4flux_umolm2s_mean"
"217","2021-04-03 00:00:00","fcre",NA,1.71974408333333,"co2flux_umolm2s_mean"
"218","2021-04-03 00:00:00","fcre",NA,-0.0004201052,"ch4flux_umolm2s_mean"
"219","2021-04-04 00:00:00","fcre",NA,1.15362465384615,"co2flux_umolm2s_mean"
"220","2021-04-04 00:00:00","fcre",NA,-6.11923076923077e-05,"ch4flux_umolm2s_mean"
"221","2021-04-06 00:00:00","fcre",NA,NA,"co2flux_umolm2s_mean"
"222","2021-04-06 00:00:00","fcre",NA,NA,"ch4flux_umolm2s_mean"
"223","2021-04-07 00:00:00","fcre",NA,NA,"co2flux_umolm2s_mean"
"224","2021-04-07 00:00:00","fcre",NA,NA,"ch4flux_umolm2s_mean"
"225","2021-04-12 00:00:00","fcre",NA,NA,"co2flux_umolm2s_mean"
"226","2021-04-12 00:00:00","fcre",NA,NA,"ch4flux_umolm2s_mean"
"227","2021-04-13 00:00:00","fcre",NA,NA,"co2flux_umolm2s_mean"
"228","2021-04-13 00:00:00","fcre",NA,NA,"ch4flux_umolm2s_mean"
"229","2021-05-01 00:00:00","fcre",NA,1.69550204545455,"co2flux_umolm2s_mean"
"230","2021-05-01 00:00:00","fcre",NA,0.00376339583333333,"ch4flux_umolm2s_mean"
"231","2021-05-06 00:00:00","fcre",NA,1.59574895833333,"co2flux_umolm2s_mean"
"232","2021-05-06 00:00:00","fcre",NA,0.00164093548387097,"ch4flux_umolm2s_mean"
"233","2021-05-07 00:00:00","fcre",NA,0.795646954545455,"co2flux_umolm2s_mean"
"234","2021-05-07 00:00:00","fcre",NA,0.000746563333333333,"ch4flux_umolm2s_mean"
"235","2021-05-12 00:00:00","fcre",NA,0.052317,"co2flux_umolm2s_mean"
"236","2021-05-12 00:00:00","fcre",NA,0.0027937303030303,"ch4flux_umolm2s_mean"
"237","2021-05-13 00:00:00","fcre",NA,0.0573306666666667,"co2flux_umolm2s_mean"
"238","2021-05-13 00:00:00","fcre",NA,0.00484034482758621,"ch4flux_umolm2s_mean"
"239","2021-05-15 00:00:00","fcre",NA,0.877960210526316,"co2flux_umolm2s_mean"
"240","2021-05-15 00:00:00","fcre",NA,0.000114972083333333,"ch4flux_umolm2s_mean"
"241","2021-05-22 00:00:00","fcre",NA,0.693325060606061,"co2flux_umolm2s_mean"
"242","2021-05-22 00:00:00","fcre",NA,0.00181796551724138,"ch4flux_umolm2s_mean"
"243","2021-05-23 00:00:00","fcre",NA,4.82580518518519,"co2flux_umolm2s_mean"
"244","2021-05-23 00:00:00","fcre",NA,0.0074425,"ch4flux_umolm2s_mean"
"245","2021-05-24 00:00:00","fcre",NA,8.96477863636364,"co2flux_umolm2s_mean"
"246","2021-05-24 00:00:00","fcre",NA,0.010095,"ch4flux_umolm2s_mean"
"247","2021-05-27 00:00:00","fcre",NA,1.4551213125,"co2flux_umolm2s_mean"
"248","2021-05-27 00:00:00","fcre",NA,0.00107103225806452,"ch4flux_umolm2s_mean"
"249","2021-05-30 00:00:00","fcre",NA,-1.15921140625,"co2flux_umolm2s_mean"
"250","2021-05-30 00:00:00","fcre",NA,0.00243539285714286,"ch4flux_umolm2s_mean"
"251","2021-05-31 00:00:00","fcre",NA,2.57206448,"co2flux_umolm2s_mean"
"252","2021-05-31 00:00:00","fcre",NA,0.00149518076923077,"ch4flux_umolm2s_mean"
"253","2021-06-05 00:00:00","fcre",NA,6.77771290909091,"co2flux_umolm2s_mean"
"254","2021-06-05 00:00:00","fcre",NA,0.00868421739130435,"ch4flux_umolm2s_mean"
"255","2021-06-09 00:00:00","fcre",NA,5.601444,"co2flux_umolm2s_mean"
"256","2021-06-09 00:00:00","fcre",NA,-0.000231923076923077,"ch4flux_umolm2s_mean"
"257","2021-06-15 00:00:00","fcre",NA,1.7734965,"co2flux_umolm2s_mean"
"258","2021-06-15 00:00:00","fcre",NA,0.00740005333333333,"ch4flux_umolm2s_mean"
"259","2021-06-16 00:00:00","fcre",NA,4.28208029032258,"co2flux_umolm2s_mean"
"260","2021-06-16 00:00:00","fcre",NA,0.00451536363636364,"ch4flux_umolm2s_mean"
"261","2021-06-17 00:00:00","fcre",NA,1.73730383333333,"co2flux_umolm2s_mean"
"262","2021-06-17 00:00:00","fcre",NA,0.00486984333333333,"ch4flux_umolm2s_mean"
"263","2021-06-22 00:00:00","fcre",NA,2.224714875,"co2flux_umolm2s_mean"
"264","2021-06-22 00:00:00","fcre",NA,0.00915133333333333,"ch4flux_umolm2s_mean"
"265","2021-07-02 00:00:00","fcre",NA,1.40286577777778,"co2flux_umolm2s_mean"
"266","2021-07-02 00:00:00","fcre",NA,0.0056690625,"ch4flux_umolm2s_mean"
"267","2021-07-03 00:00:00","fcre",NA,2.19668633333333,"co2flux_umolm2s_mean"
"268","2021-07-03 00:00:00","fcre",NA,0.00801978378378378,"ch4flux_umolm2s_mean"
"269","2021-07-05 00:00:00","fcre",NA,6.07031173913044,"co2flux_umolm2s_mean"
"270","2021-07-05 00:00:00","fcre",NA,-0.00111214285714286,"ch4flux_umolm2s_mean"
"271","2021-07-07 00:00:00","fcre",NA,11.0355488235294,"co2flux_umolm2s_mean"
"272","2021-07-07 00:00:00","fcre",NA,0.00490480952380952,"ch4flux_umolm2s_mean"
"273","2021-07-08 00:00:00","fcre",NA,5.5059965,"co2flux_umolm2s_mean"
"274","2021-07-08 00:00:00","fcre",NA,0.00882116521739131,"ch4flux_umolm2s_mean"
"275","2021-07-10 00:00:00","fcre",NA,3.68222143478261,"co2flux_umolm2s_mean"
"276","2021-07-10 00:00:00","fcre",NA,-0.0003420441,"ch4flux_umolm2s_mean"
"277","2021-07-15 00:00:00","fcre",NA,2.51548004761905,"co2flux_umolm2s_mean"
"278","2021-07-15 00:00:00","fcre",NA,0.00200388888888889,"ch4flux_umolm2s_mean"
"279","2021-07-16 00:00:00","fcre",NA,9.90602826086957,"co2flux_umolm2s_mean"
"280","2021-07-16 00:00:00","fcre",NA,0.009024375,"ch4flux_umolm2s_mean"
"281","2021-07-18 00:00:00","fcre",NA,2.43550057142857,"co2flux_umolm2s_mean"
"282","2021-07-18 00:00:00","fcre",NA,0.00273671428571429,"ch4flux_umolm2s_mean"
"283","2021-07-20 00:00:00","fcre",NA,0.289592470588235,"co2flux_umolm2s_mean"
"284","2021-07-20 00:00:00","fcre",NA,0.00586666666666667,"ch4flux_umolm2s_mean"
"285","2021-07-21 00:00:00","fcre",NA,10.2518777916667,"co2flux_umolm2s_mean"
"286","2021-07-21 00:00:00","fcre",NA,0.00701033333333333,"ch4flux_umolm2s_mean"
"287","2021-07-22 00:00:00","fcre",NA,3.48961855555556,"co2flux_umolm2s_mean"
"288","2021-07-22 00:00:00","fcre",NA,0.000399,"ch4flux_umolm2s_mean"
"289","2021-07-23 00:00:00","fcre",NA,-0.624019434782609,"co2flux_umolm2s_mean"
"290","2021-07-23 00:00:00","fcre",NA,-0.0122204210526316,"ch4flux_umolm2s_mean"
"291","2021-07-27 00:00:00","fcre",NA,5.83985634615385,"co2flux_umolm2s_mean"
"292","2021-07-27 00:00:00","fcre",NA,0.00671068421052632,"ch4flux_umolm2s_mean"
"293","2021-07-28 00:00:00","fcre",NA,5.90479458333333,"co2flux_umolm2s_mean"
"294","2021-07-28 00:00:00","fcre",NA,0.0124634285714286,"ch4flux_umolm2s_mean"
"295","2021-07-29 00:00:00","fcre",NA,1.73730675,"co2flux_umolm2s_mean"
"296","2021-07-29 00:00:00","fcre",NA,0.01739875,"ch4flux_umolm2s_mean"
"297","2021-07-30 00:00:00","fcre",NA,5.40742763157895,"co2flux_umolm2s_mean"
"298","2021-07-30 00:00:00","fcre",NA,0.0230882352941176,"ch4flux_umolm2s_mean"
"299","2021-08-01 00:00:00","fcre",NA,5.5215786,"co2flux_umolm2s_mean"
"300","2021-08-01 00:00:00","fcre",NA,0.0104585714285714,"ch4flux_umolm2s_mean"
"301","2021-08-02 00:00:00","fcre",NA,2.70236721428571,"co2flux_umolm2s_mean"
"302","2021-08-02 00:00:00","fcre",NA,0.0126657142857143,"ch4flux_umolm2s_mean"
"303","2021-08-08 00:00:00","fcre",NA,4.73419618181818,"co2flux_umolm2s_mean"
"304","2021-08-08 00:00:00","fcre",NA,0.0101673529411765,"ch4flux_umolm2s_mean"
"305","2021-08-09 00:00:00","fcre",NA,-1.8695345,"co2flux_umolm2s_mean"
"306","2021-08-09 00:00:00","fcre",NA,0.00803545454545455,"ch4flux_umolm2s_mean"
"307","2021-08-19 00:00:00","fcre",NA,10.03378,"co2flux_umolm2s_mean"
"308","2021-08-19 00:00:00","fcre",NA,0.00596333333333333,"ch4flux_umolm2s_mean"
"309","2021-08-20 00:00:00","fcre",NA,5.23873870833333,"co2flux_umolm2s_mean"
"310","2021-08-20 00:00:00","fcre",NA,0.00729,"ch4flux_umolm2s_mean"
"311","2021-08-21 00:00:00","fcre",NA,2.19265791666667,"co2flux_umolm2s_mean"
"312","2021-08-21 00:00:00","fcre",NA,0.016564,"ch4flux_umolm2s_mean"
"313","2021-08-22 00:00:00","fcre",NA,4.85615744,"co2flux_umolm2s_mean"
"314","2021-08-22 00:00:00","fcre",NA,0.0100305654545455,"ch4flux_umolm2s_mean"
"315","2021-08-23 00:00:00","fcre",NA,2.52617396296296,"co2flux_umolm2s_mean"
"316","2021-08-23 00:00:00","fcre",NA,0.0159115238095238,"ch4flux_umolm2s_mean"
"317","2021-08-24 00:00:00","fcre",NA,6.53507586206897,"co2flux_umolm2s_mean"
"318","2021-08-24 00:00:00","fcre",NA,0.0153116538461538,"ch4flux_umolm2s_mean"
"319","2021-08-27 00:00:00","fcre",NA,3.3258966,"co2flux_umolm2s_mean"
"320","2021-08-27 00:00:00","fcre",NA,0.0115208333333333,"ch4flux_umolm2s_mean"
"321","2021-08-30 00:00:00","fcre",NA,5.9342965,"co2flux_umolm2s_mean"
"322","2021-08-30 00:00:00","fcre",NA,0.0206866666666667,"ch4flux_umolm2s_mean"
"323","2021-09-02 00:00:00","fcre",NA,0.98433203125,"co2flux_umolm2s_mean"
"324","2021-09-02 00:00:00","fcre",NA,0.00996888888888889,"ch4flux_umolm2s_mean"
"325","2021-09-03 00:00:00","fcre",NA,-1.41768258823529,"co2flux_umolm2s_mean"
"326","2021-09-03 00:00:00","fcre",NA,-0.00094375,"ch4flux_umolm2s_mean"
"327","2021-09-06 00:00:00","fcre",NA,2.42664059090909,"co2flux_umolm2s_mean"
"328","2021-09-06 00:00:00","fcre",NA,0.0124422666666667,"ch4flux_umolm2s_mean"
"329","2021-09-07 00:00:00","fcre",NA,-1.01853673913043,"co2flux_umolm2s_mean"
"330","2021-09-07 00:00:00","fcre",NA,0.0119441904761905,"ch4flux_umolm2s_mean"
"331","2021-09-09 00:00:00","fcre",NA,0.306216269230769,"co2flux_umolm2s_mean"
"332","2021-09-09 00:00:00","fcre",NA,0.0221852941176471,"ch4flux_umolm2s_mean"
"333","2021-09-10 00:00:00","fcre",NA,-0.358191242424242,"co2flux_umolm2s_mean"
"334","2021-09-10 00:00:00","fcre",NA,0.00727736363636364,"ch4flux_umolm2s_mean"
"335","2021-09-13 00:00:00","fcre",NA,2.04679977777778,"co2flux_umolm2s_mean"
"336","2021-09-13 00:00:00","fcre",NA,0.0166686956521739,"ch4flux_umolm2s_mean"
"337","2021-09-14 00:00:00","fcre",NA,3.38858764705882,"co2flux_umolm2s_mean"
"338","2021-09-14 00:00:00","fcre",NA,0.0176085714285714,"ch4flux_umolm2s_mean"
"339","2021-09-15 00:00:00","fcre",NA,-0.353181928571429,"co2flux_umolm2s_mean"
"340","2021-09-15 00:00:00","fcre",NA,0.0191735714285714,"ch4flux_umolm2s_mean"
"341","2021-09-16 00:00:00","fcre",NA,0.181865642857143,"co2flux_umolm2s_mean"
"342","2021-09-16 00:00:00","fcre",NA,0.013850625,"ch4flux_umolm2s_mean"
"343","2021-09-18 00:00:00","fcre",NA,2.769554125,"co2flux_umolm2s_mean"
"344","2021-09-18 00:00:00","fcre",NA,0.0118080952380952,"ch4flux_umolm2s_mean"
"345","2021-09-19 00:00:00","fcre",NA,0.437412071428571,"co2flux_umolm2s_mean"
"346","2021-09-19 00:00:00","fcre",NA,0.0174766666666667,"ch4flux_umolm2s_mean"
"347","2021-09-23 00:00:00","fcre",NA,-0.1896799,"co2flux_umolm2s_mean"
"348","2021-09-23 00:00:00","fcre",NA,-0.00785684,"ch4flux_umolm2s_mean"
"349","2021-09-24 00:00:00","fcre",NA,-0.38107455,"co2flux_umolm2s_mean"
"350","2021-09-24 00:00:00","fcre",NA,0.000650689655172414,"ch4flux_umolm2s_mean"
"351","2021-09-25 00:00:00","fcre",NA,-2.54719114285714,"co2flux_umolm2s_mean"
"352","2021-09-25 00:00:00","fcre",NA,-0.00152324137931034,"ch4flux_umolm2s_mean"
"353","2021-09-26 00:00:00","fcre",NA,2.59487723333333,"co2flux_umolm2s_mean"
"354","2021-09-26 00:00:00","fcre",NA,0.0131607407407407,"ch4flux_umolm2s_mean"
"355","2021-09-28 00:00:00","fcre",NA,4.07710383333333,"co2flux_umolm2s_mean"
"356","2021-09-28 00:00:00","fcre",NA,0.0187395416666667,"ch4flux_umolm2s_mean"
"357","2021-10-02 00:00:00","fcre",NA,-1.200752375,"co2flux_umolm2s_mean"
"358","2021-10-02 00:00:00","fcre",NA,-0.00116995454545455,"ch4flux_umolm2s_mean"
"359","2021-10-03 00:00:00","fcre",NA,1.45910658823529,"co2flux_umolm2s_mean"
"360","2021-10-03 00:00:00","fcre",NA,0.0175800647058824,"ch4flux_umolm2s_mean"
"361","2021-10-10 00:00:00","fcre",NA,0.961959538461538,"co2flux_umolm2s_mean"
"362","2021-10-10 00:00:00","fcre",NA,0.0195445,"ch4flux_umolm2s_mean"
"363","2021-10-11 00:00:00","fcre",NA,0.918203,"co2flux_umolm2s_mean"
"364","2021-10-11 00:00:00","fcre",NA,0.0180742105263158,"ch4flux_umolm2s_mean"
"365","2021-10-14 00:00:00","fcre",NA,2.22953828571429,"co2flux_umolm2s_mean"
"366","2021-10-14 00:00:00","fcre",NA,0.018656,"ch4flux_umolm2s_mean"
"367","2021-10-15 00:00:00","fcre",NA,-0.485778666666667,"co2flux_umolm2s_mean"
"368","2021-10-15 00:00:00","fcre",NA,0.022604347826087,"ch4flux_umolm2s_mean"
"369","2021-10-16 00:00:00","fcre",NA,-0.164637666666667,"co2flux_umolm2s_mean"
"370","2021-10-16 00:00:00","fcre",NA,0.0273683363636364,"ch4flux_umolm2s_mean"
"371","2021-10-17 00:00:00","fcre",NA,-0.421842346153846,"co2flux_umolm2s_mean"
"372","2021-10-17 00:00:00","fcre",NA,0.00307588461538462,"ch4flux_umolm2s_mean"
"373","2021-10-19 00:00:00","fcre",NA,2.539052,"co2flux_umolm2s_mean"
"374","2021-10-19 00:00:00","fcre",NA,-0.000362375,"ch4flux_umolm2s_mean"
"375","2021-10-20 00:00:00","fcre",NA,3.81527276666667,"co2flux_umolm2s_mean"
"376","2021-10-20 00:00:00","fcre",NA,0.0111873076923077,"ch4flux_umolm2s_mean"
"377","2021-10-22 00:00:00","fcre",NA,2.17771018181818,"co2flux_umolm2s_mean"
"378","2021-10-22 00:00:00","fcre",NA,0.018284347826087,"ch4flux_umolm2s_mean"
"379","2021-10-23 00:00:00","fcre",NA,1.55890348484848,"co2flux_umolm2s_mean"
"380","2021-10-23 00:00:00","fcre",NA,0.0105421052631579,"ch4flux_umolm2s_mean"
"381","2021-10-27 00:00:00","fcre",NA,0.301149885714286,"co2flux_umolm2s_mean"
"382","2021-10-27 00:00:00","fcre",NA,0.00869884666666667,"ch4flux_umolm2s_mean"
"383","2021-11-01 00:00:00","fcre",NA,1.43758838461538,"co2flux_umolm2s_mean"
"384","2021-11-01 00:00:00","fcre",NA,0.011683625,"ch4flux_umolm2s_mean"
"385","2021-11-02 00:00:00","fcre",NA,0.204794142857143,"co2flux_umolm2s_mean"
"386","2021-11-02 00:00:00","fcre",NA,0.0040785652173913,"ch4flux_umolm2s_mean"
"387","2021-11-03 00:00:00","fcre",NA,0.327503,"co2flux_umolm2s_mean"
"388","2021-11-03 00:00:00","fcre",NA,0.00464516666666667,"ch4flux_umolm2s_mean"
"389","2021-11-05 00:00:00","fcre",NA,0.3128192,"co2flux_umolm2s_mean"
"390","2021-11-05 00:00:00","fcre",NA,0.0218178125,"ch4flux_umolm2s_mean"
"391","2021-11-06 00:00:00","fcre",NA,0.00454419999999999,"co2flux_umolm2s_mean"
"392","2021-11-06 00:00:00","fcre",NA,0.00182603125,"ch4flux_umolm2s_mean"
"393","2021-11-07 00:00:00","fcre",NA,1.02115496296296,"co2flux_umolm2s_mean"
"394","2021-11-07 00:00:00","fcre",NA,0.00758636363636364,"ch4flux_umolm2s_mean"
"395","2021-11-08 00:00:00","fcre",NA,5.05004041666667,"co2flux_umolm2s_mean"
"396","2021-11-08 00:00:00","fcre",NA,0.00858267741935484,"ch4flux_umolm2s_mean"
"397","2021-11-09 00:00:00","fcre",NA,4.89519540740741,"co2flux_umolm2s_mean"
"398","2021-11-09 00:00:00","fcre",NA,0.000763175,"ch4flux_umolm2s_mean"
"399","2021-11-13 00:00:00","fcre",NA,0.605051826086957,"co2flux_umolm2s_mean"
"400","2021-11-13 00:00:00","fcre",NA,0.00529423043478261,"ch4flux_umolm2s_mean"
"401","2021-11-19 00:00:00","fcre",NA,-0.321121148148148,"co2flux_umolm2s_mean"
"402","2021-11-19 00:00:00","fcre",NA,0.000106285714285714,"ch4flux_umolm2s_mean"
"403","2021-11-21 00:00:00","fcre",NA,-0.171427227272727,"co2flux_umolm2s_mean"
"404","2021-11-21 00:00:00","fcre",NA,-0.00159375,"ch4flux_umolm2s_mean"
"405","2021-11-23 00:00:00","fcre",NA,0.617586866666667,"co2flux_umolm2s_mean"
"406","2021-11-23 00:00:00","fcre",NA,-0.000779085714285715,"ch4flux_umolm2s_mean"
"407","2021-11-29 00:00:00","fcre",NA,0.43737932,"co2flux_umolm2s_mean"
"408","2021-11-29 00:00:00","fcre",NA,0.000123304347826087,"ch4flux_umolm2s_mean"
"409","2021-12-04 00:00:00","fcre",NA,-0.796635294117647,"co2flux_umolm2s_mean"
"410","2021-12-04 00:00:00","fcre",NA,-0.00422264705882353,"ch4flux_umolm2s_mean"
"411","2021-12-07 00:00:00","fcre",NA,0.308529533333333,"co2flux_umolm2s_mean"
"412","2021-12-07 00:00:00","fcre",NA,-0.000754409375,"ch4flux_umolm2s_mean"
"413","2021-12-12 00:00:00","fcre",NA,0.232467633333333,"co2flux_umolm2s_mean"
"414","2021-12-12 00:00:00","fcre",NA,-7.54545454545453e-06,"ch4flux_umolm2s_mean"
"415","2021-12-13 00:00:00","fcre",NA,0.9156365,"co2flux_umolm2s_mean"
"416","2021-12-13 00:00:00","fcre",NA,-0.00327314117647059,"ch4flux_umolm2s_mean"
"417","2021-12-14 00:00:00","fcre",NA,1.61139518181818,"co2flux_umolm2s_mean"
"418","2021-12-14 00:00:00","fcre",NA,-0.00165079166666667,"ch4flux_umolm2s_mean"
"419","2021-12-19 00:00:00","fcre",NA,0.66291692,"co2flux_umolm2s_mean"
"420","2021-12-19 00:00:00","fcre",NA,0.00150057894736842,"ch4flux_umolm2s_mean"
"421","2021-12-22 00:00:00","fcre",NA,1.79245542857143,"co2flux_umolm2s_mean"
"422","2021-12-22 00:00:00","fcre",NA,0.001566225,"ch4flux_umolm2s_mean"
"423","2022-01-12 00:00:00","fcre",NA,0.169396590909091,"co2flux_umolm2s_mean"
"424","2022-01-12 00:00:00","fcre",NA,-0.0011849625,"ch4flux_umolm2s_mean"
"425","2022-01-13 00:00:00","fcre",NA,1.2406295,"co2flux_umolm2s_mean"
"426","2022-01-13 00:00:00","fcre",NA,-3.18823529411766e-06,"ch4flux_umolm2s_mean"
"427","2022-01-14 00:00:00","fcre",NA,0.771215862068966,"co2flux_umolm2s_mean"
"428","2022-01-14 00:00:00","fcre",NA,0.00120786,"ch4flux_umolm2s_mean"
"429","2022-01-15 00:00:00","fcre",NA,0.191892136363636,"co2flux_umolm2s_mean"
"430","2022-01-15 00:00:00","fcre",NA,0.000306782608695652,"ch4flux_umolm2s_mean"
"431","2022-01-19 00:00:00","fcre",NA,-0.821496466666667,"co2flux_umolm2s_mean"
"432","2022-01-19 00:00:00","fcre",NA,-0.00131391666666667,"ch4flux_umolm2s_mean"
"433","2022-01-20 00:00:00","fcre",NA,1.4546841,"co2flux_umolm2s_mean"
"434","2022-01-20 00:00:00","fcre",NA,-0.0011422,"ch4flux_umolm2s_mean"
"435","2022-01-21 00:00:00","fcre",NA,-0.171729210526316,"co2flux_umolm2s_mean"
"436","2022-01-21 00:00:00","fcre",NA,-0.00093234011627907,"ch4flux_umolm2s_mean"
"437","2022-01-22 00:00:00","fcre",NA,0.355033866666667,"co2flux_umolm2s_mean"
"438","2022-01-22 00:00:00","fcre",NA,-0.00136184516129032,"ch4flux_umolm2s_mean"
"439","2022-01-25 00:00:00","fcre",NA,0.266605904761905,"co2flux_umolm2s_mean"
"440","2022-01-25 00:00:00","fcre",NA,2.63749999999999e-05,"ch4flux_umolm2s_mean"
"441","2022-01-26 00:00:00","fcre",NA,0.123946512820513,"co2flux_umolm2s_mean"
"442","2022-01-26 00:00:00","fcre",NA,-0.000871230555555556,"ch4flux_umolm2s_mean"
"443","2022-01-28 00:00:00","fcre",NA,-0.278389583333333,"co2flux_umolm2s_mean"
"444","2022-01-28 00:00:00","fcre",NA,-0.000620307692307692,"ch4flux_umolm2s_mean"
"445","2022-01-29 00:00:00","fcre",NA,0.2729886,"co2flux_umolm2s_mean"
"446","2022-01-29 00:00:00","fcre",NA,-0.00356934782608696,"ch4flux_umolm2s_mean"
"447","2022-01-31 00:00:00","fcre",NA,0.5516854375,"co2flux_umolm2s_mean"
"448","2022-01-31 00:00:00","fcre",NA,-0.00208463636363636,"ch4flux_umolm2s_mean"
"449","2022-02-02 00:00:00","fcre",NA,-0.478493611111111,"co2flux_umolm2s_mean"
"450","2022-02-02 00:00:00","fcre",NA,0.000373231578947368,"ch4flux_umolm2s_mean"
"451","2022-02-03 00:00:00","fcre",NA,-0.0281665384615385,"co2flux_umolm2s_mean"
"452","2022-02-03 00:00:00","fcre",NA,-0.004857,"ch4flux_umolm2s_mean"
"453","2022-02-05 00:00:00","fcre",NA,0.236555935483871,"co2flux_umolm2s_mean"
"454","2022-02-05 00:00:00","fcre",NA,-0.000702487878787879,"ch4flux_umolm2s_mean"
"455","2022-02-07 00:00:00","fcre",NA,0.545879857142857,"co2flux_umolm2s_mean"
"456","2022-02-07 00:00:00","fcre",NA,-0.00308083684210526,"ch4flux_umolm2s_mean"
"457","2022-02-08 00:00:00","fcre",NA,0.558486875,"co2flux_umolm2s_mean"
"458","2022-02-08 00:00:00","fcre",NA,0.000870909090909091,"ch4flux_umolm2s_mean"
"459","2022-02-10 00:00:00","fcre",NA,0.513821166666667,"co2flux_umolm2s_mean"
"460","2022-02-10 00:00:00","fcre",NA,0.00155166666666667,"ch4flux_umolm2s_mean"
"461","2022-02-13 00:00:00","fcre",NA,0.779623033333333,"co2flux_umolm2s_mean"
"462","2022-02-13 00:00:00","fcre",NA,0.002687375,"ch4flux_umolm2s_mean"
"463","2022-02-26 00:00:00","fcre",NA,0.0724732702702703,"co2flux_umolm2s_mean"
"464","2022-02-26 00:00:00","fcre",NA,-0.0012272358974359,"ch4flux_umolm2s_mean"
"465","2022-02-28 00:00:00","fcre",NA,1.33265468,"co2flux_umolm2s_mean"
"466","2022-02-28 00:00:00","fcre",NA,0.000213176470588235,"ch4flux_umolm2s_mean"
"467","2022-03-16 00:00:00","fcre",NA,-0.816718923076923,"co2flux_umolm2s_mean"
"468","2022-03-16 00:00:00","fcre",NA,-0.000438769230769231,"ch4flux_umolm2s_mean"
"469","2022-03-17 00:00:00","fcre",NA,1.74760519047619,"co2flux_umolm2s_mean"
"470","2022-03-17 00:00:00","fcre",NA,0.00205366666666667,"ch4flux_umolm2s_mean"
"471","2022-03-27 00:00:00","fcre",NA,0.738070807692308,"co2flux_umolm2s_mean"
"472","2022-03-27 00:00:00","fcre",NA,0.000726748814814815,"ch4flux_umolm2s_mean"
"473","2022-04-22 00:00:00","fcre",NA,-3.70235236363636,"co2flux_umolm2s_mean"
"474","2022-04-22 00:00:00","fcre",NA,-0.00302605217391304,"ch4flux_umolm2s_mean"
"475","2022-04-26 00:00:00","fcre",NA,3.5376283,"co2flux_umolm2s_mean"
"476","2022-04-26 00:00:00","fcre",NA,-0.00263466666666667,"ch4flux_umolm2s_mean"
"477","2022-04-27 00:00:00","fcre",NA,0.59684803125,"co2flux_umolm2s_mean"
"478","2022-04-27 00:00:00","fcre",NA,0.0012295,"ch4flux_umolm2s_mean"
"479","2022-04-28 00:00:00","fcre",NA,0.837730147058824,"co2flux_umolm2s_mean"
"480","2022-04-28 00:00:00","fcre",NA,0.000935176470588235,"ch4flux_umolm2s_mean"
"481","2022-05-03 00:00:00","fcre",NA,0.638616263157895,"co2flux_umolm2s_mean"
"482","2022-05-03 00:00:00","fcre",NA,-0.00196031111666667,"ch4flux_umolm2s_mean"
"483","2022-05-04 00:00:00","fcre",NA,4.0238739047619,"co2flux_umolm2s_mean"
"484","2022-05-04 00:00:00","fcre",NA,0.000402135647058824,"ch4flux_umolm2s_mean"
"485","2022-05-08 00:00:00","fcre",NA,-3.63165502222222,"co2flux_umolm2s_mean"
"486","2022-05-08 00:00:00","fcre",NA,0.00436908672727273,"ch4flux_umolm2s_mean"
"487","2022-05-09 00:00:00","fcre",NA,-1.41915081818182,"co2flux_umolm2s_mean"
"488","2022-05-09 00:00:00","fcre",NA,0.00494532889655172,"ch4flux_umolm2s_mean"
"489","2022-05-10 00:00:00","fcre",NA,-1.68132311111111,"co2flux_umolm2s_mean"
"490","2022-05-10 00:00:00","fcre",NA,0.0024591763125,"ch4flux_umolm2s_mean"
"491","2022-05-11 00:00:00","fcre",NA,-1.47825289285714,"co2flux_umolm2s_mean"
"492","2022-05-11 00:00:00","fcre",NA,0.00055196352,"ch4flux_umolm2s_mean"
"493","2022-05-12 00:00:00","fcre",NA,0.637807888888889,"co2flux_umolm2s_mean"
"494","2022-05-12 00:00:00","fcre",NA,0.00246648873333333,"ch4flux_umolm2s_mean"
"495","2022-05-16 00:00:00","fcre",NA,0.978367872727273,"co2flux_umolm2s_mean"
"496","2022-05-16 00:00:00","fcre",NA,0.00323452555555556,"ch4flux_umolm2s_mean"
"497","2022-05-23 00:00:00","fcre",NA,-0.139447,"co2flux_umolm2s_mean"
"498","2022-05-23 00:00:00","fcre",NA,-0.000527074166666667,"ch4flux_umolm2s_mean"
"499","2022-05-24 00:00:00","fcre",NA,-1.17838390909091,"co2flux_umolm2s_mean"
"500","2022-05-24 00:00:00","fcre",NA,-0.000144060769230769,"ch4flux_umolm2s_mean"
"501","2022-05-31 00:00:00","fcre",NA,0.337139545454546,"co2flux_umolm2s_mean"
"502","2022-05-31 00:00:00","fcre",NA,-0.00075710744,"ch4flux_umolm2s_mean"
"503","2022-06-01 00:00:00","fcre",NA,5.78813233333333,"co2flux_umolm2s_mean"
"504","2022-06-01 00:00:00","fcre",NA,-0.00229956268,"ch4flux_umolm2s_mean"
"505","2022-06-03 00:00:00","fcre",NA,0.999178615384615,"co2flux_umolm2s_mean"
"506","2022-06-03 00:00:00","fcre",NA,0.00504971475675676,"ch4flux_umolm2s_mean"
"507","2022-06-04 00:00:00","fcre",NA,-0.585381666666667,"co2flux_umolm2s_mean"
"508","2022-06-04 00:00:00","fcre",NA,-0.00118227817037037,"ch4flux_umolm2s_mean"
"509","2022-06-10 00:00:00","fcre",NA,0.4043544,"co2flux_umolm2s_mean"
"510","2022-06-10 00:00:00","fcre",NA,0.00132224373913043,"ch4flux_umolm2s_mean"
"511","2022-06-13 00:00:00","fcre",NA,0.37408795,"co2flux_umolm2s_mean"
"512","2022-06-13 00:00:00","fcre",NA,0.00787433394736842,"ch4flux_umolm2s_mean"
"513","2022-06-18 00:00:00","fcre",NA,NA,"co2flux_umolm2s_mean"
"514","2022-06-18 00:00:00","fcre",NA,0.01904535,"ch4flux_umolm2s_mean"
"515","2022-06-19 00:00:00","fcre",NA,1.15364233333333,"co2flux_umolm2s_mean"
"516","2022-06-19 00:00:00","fcre",NA,NA,"ch4flux_umolm2s_mean"
"517","2022-06-20 00:00:00","fcre",NA,NA,"co2flux_umolm2s_mean"
"518","2022-06-20 00:00:00","fcre",NA,-0.0118113042857143,"ch4flux_umolm2s_mean"
"519","2022-06-21 00:00:00","fcre",NA,NA,"co2flux_umolm2s_mean"
"520","2022-06-21 00:00:00","fcre",NA,-0.0131575213043478,"ch4flux_umolm2s_mean"
"521","2022-06-22 00:00:00","fcre",NA,4.79612,"co2flux_umolm2s_mean"
"522","2022-06-22 00:00:00","fcre",NA,0.00797025,"ch4flux_umolm2s_mean"
"523","2022-06-23 00:00:00","fcre",NA,-3.68883666666667,"co2flux_umolm2s_mean"
"524","2022-06-23 00:00:00","fcre",NA,-0.00250975166666667,"ch4flux_umolm2s_mean"
"525","2022-06-28 00:00:00","fcre",NA,NA,"co2flux_umolm2s_mean"
"526","2022-06-28 00:00:00","fcre",NA,-0.009745845,"ch4flux_umolm2s_mean"
"527","2022-07-03 00:00:00","fcre",NA,NA,"co2flux_umolm2s_mean"
"528","2022-07-03 00:00:00","fcre",NA,NA,"ch4flux_umolm2s_mean"
"529","2022-07-04 00:00:00","fcre",NA,NA,"co2flux_umolm2s_mean"
"530","2022-07-04 00:00:00","fcre",NA,NA,"ch4flux_umolm2s_mean"
"531","2022-07-13 00:00:00","fcre",NA,NA,"co2flux_umolm2s_mean"
"532","2022-07-13 00:00:00","fcre",NA,-0.00740188375,"ch4flux_umolm2s_mean"
"533","2022-07-22 00:00:00","fcre",NA,-4.3246,"co2flux_umolm2s_mean"
"534","2022-07-22 00:00:00","fcre",NA,0.000433823333333333,"ch4flux_umolm2s_mean"
"535","2022-08-23 00:00:00","fcre",NA,NA,"co2flux_umolm2s_mean"
"536","2022-08-23 00:00:00","fcre",NA,0.00842597636363636,"ch4flux_umolm2s_mean"
"537","2022-08-24 00:00:00","fcre",NA,NA,"co2flux_umolm2s_mean"
"538","2022-08-24 00:00:00","fcre",NA,0.00718347,"ch4flux_umolm2s_mean"
"539","2022-08-27 00:00:00","fcre",NA,NA,"co2flux_umolm2s_mean"
"540","2022-08-27 00:00:00","fcre",NA,0.0267738671428571,"ch4flux_umolm2s_mean"
"541","2022-08-31 00:00:00","fcre",NA,NA,"co2flux_umolm2s_mean"
"542","2022-08-31 00:00:00","fcre",NA,0.002414264,"ch4flux_umolm2s_mean"
"543","2022-09-01 00:00:00","fcre",NA,NA,"co2flux_umolm2s_mean"
"544","2022-09-01 00:00:00","fcre",NA,-0.00592186,"ch4flux_umolm2s_mean"
"545","2022-09-07 00:00:00","fcre",NA,NA,"co2flux_umolm2s_mean"
"546","2022-09-07 00:00:00","fcre",NA,0.0140496423809524,"ch4flux_umolm2s_mean"
"547","2022-09-10 00:00:00","fcre",NA,NA,"co2flux_umolm2s_mean"
"548","2022-09-10 00:00:00","fcre",NA,0.00302544333333333,"ch4flux_umolm2s_mean"
"549","2022-09-13 00:00:00","fcre",NA,NA,"co2flux_umolm2s_mean"
"550","2022-09-13 00:00:00","fcre",NA,0.03155244,"ch4flux_umolm2s_mean"
"551","2022-09-14 00:00:00","fcre",NA,NA,"co2flux_umolm2s_mean"
"552","2022-09-14 00:00:00","fcre",NA,-0.0048664975,"ch4flux_umolm2s_mean"
"553","2022-09-15 00:00:00","fcre",NA,NA,"co2flux_umolm2s_mean"
"554","2022-09-15 00:00:00","fcre",NA,-0.00866939090909091,"ch4flux_umolm2s_mean"
"555","2022-09-16 00:00:00","fcre",NA,NA,"co2flux_umolm2s_mean"
"556","2022-09-16 00:00:00","fcre",NA,-0.00509251857142857,"ch4flux_umolm2s_mean"
"557","2022-09-19 00:00:00","fcre",NA,NA,"co2flux_umolm2s_mean"
"558","2022-09-19 00:00:00","fcre",NA,0.015904815,"ch4flux_umolm2s_mean"
"559","2022-09-20 00:00:00","fcre",NA,NA,"co2flux_umolm2s_mean"
"560","2022-09-20 00:00:00","fcre",NA,0.0199325435294118,"ch4flux_umolm2s_mean"
"561","2022-09-23 00:00:00","fcre",NA,NA,"co2flux_umolm2s_mean"
"562","2022-09-23 00:00:00","fcre",NA,-0.03780778,"ch4flux_umolm2s_mean"
"563","2022-09-27 00:00:00","fcre",NA,NA,"co2flux_umolm2s_mean"
"564","2022-09-27 00:00:00","fcre",NA,-0.0100014911111111,"ch4flux_umolm2s_mean"
"565","2022-09-28 00:00:00","fcre",NA,NA,"co2flux_umolm2s_mean"
"566","2022-09-28 00:00:00","fcre",NA,-0.0187588035714286,"ch4flux_umolm2s_mean"
"567","2022-09-29 00:00:00","fcre",NA,NA,"co2flux_umolm2s_mean"
"568","2022-09-29 00:00:00","fcre",NA,-0.00246785555555556,"ch4flux_umolm2s_mean"
"569","2022-09-30 00:00:00","fcre",NA,NA,"co2flux_umolm2s_mean"
"570","2022-09-30 00:00:00","fcre",NA,0.00225323866666667,"ch4flux_umolm2s_mean"
"571","2022-10-02 00:00:00","fcre",NA,NA,"co2flux_umolm2s_mean"
"572","2022-10-02 00:00:00","fcre",NA,-0.001744295,"ch4flux_umolm2s_mean"
"573","2022-10-03 00:00:00","fcre",NA,NA,"co2flux_umolm2s_mean"
"574","2022-10-03 00:00:00","fcre",NA,-0.0097489925,"ch4flux_umolm2s_mean"
"575","2022-10-04 00:00:00","fcre",NA,NA,"co2flux_umolm2s_mean"
"576","2022-10-04 00:00:00","fcre",NA,-0.00665074,"ch4flux_umolm2s_mean"
"577","2022-10-05 00:00:00","fcre",NA,NA,"co2flux_umolm2s_mean"
"578","2022-10-05 00:00:00","fcre",NA,0.01031535,"ch4flux_umolm2s_mean"
"579","2022-10-06 00:00:00","fcre",NA,NA,"co2flux_umolm2s_mean"
"580","2022-10-06 00:00:00","fcre",NA,0.0027305625,"ch4flux_umolm2s_mean"
"581","2022-10-08 00:00:00","fcre",NA,NA,"co2flux_umolm2s_mean"
"582","2022-10-08 00:00:00","fcre",NA,-0.0069194225,"ch4flux_umolm2s_mean"
"583","2022-10-09 00:00:00","fcre",NA,NA,"co2flux_umolm2s_mean"
"584","2022-10-09 00:00:00","fcre",NA,-0.00537749866666667,"ch4flux_umolm2s_mean"
"585","2022-10-10 00:00:00","fcre",NA,NA,"co2flux_umolm2s_mean"
"586","2022-10-10 00:00:00","fcre",NA,0.00214214214285714,"ch4flux_umolm2s_mean"
"587","2022-10-11 00:00:00","fcre",NA,NA,"co2flux_umolm2s_mean"
"588","2022-10-11 00:00:00","fcre",NA,-0.00564874686666667,"ch4flux_umolm2s_mean"
"589","2022-10-15 00:00:00","fcre",NA,NA,"co2flux_umolm2s_mean"
"590","2022-10-15 00:00:00","fcre",NA,0.00286421927272727,"ch4flux_umolm2s_mean"
"591","2022-10-18 00:00:00","fcre",NA,NA,"co2flux_umolm2s_mean"
"592","2022-10-18 00:00:00","fcre",NA,-0.018377725,"ch4flux_umolm2s_mean"
"593","2022-10-23 00:00:00","fcre",NA,NA,"co2flux_umolm2s_mean"
"594","2022-10-23 00:00:00","fcre",NA,-0.00207212384615385,"ch4flux_umolm2s_mean"
"595","2022-10-24 00:00:00","fcre",NA,NA,"co2flux_umolm2s_mean"
"596","2022-10-24 00:00:00","fcre",NA,0.00287520866666667,"ch4flux_umolm2s_mean"
"597","2022-10-27 00:00:00","fcre",NA,NA,"co2flux_umolm2s_mean"
"598","2022-10-27 00:00:00","fcre",NA,-0.00139781333333333,"ch4flux_umolm2s_mean"
"599","2022-11-02 00:00:00","fcre",NA,NA,"co2flux_umolm2s_mean"
"600","2022-11-02 00:00:00","fcre",NA,0.007498485,"ch4flux_umolm2s_mean"
"601","2022-11-03 00:00:00","fcre",NA,NA,"co2flux_umolm2s_mean"
"602","2022-11-03 00:00:00","fcre",NA,0.00403425333333333,"ch4flux_umolm2s_mean"
"603","2022-11-07 00:00:00","fcre",NA,NA,"co2flux_umolm2s_mean"
"604","2022-11-07 00:00:00","fcre",NA,0.0171941,"ch4flux_umolm2s_mean"
"605","2022-11-08 00:00:00","fcre",NA,NA,"co2flux_umolm2s_mean"
"606","2022-11-08 00:00:00","fcre",NA,-0.006459226,"ch4flux_umolm2s_mean"
"607","2022-11-09 00:00:00","fcre",NA,NA,"co2flux_umolm2s_mean"
"608","2022-11-09 00:00:00","fcre",NA,-0.01534949,"ch4flux_umolm2s_mean"
"609","2022-11-13 00:00:00","fcre",NA,NA,"co2flux_umolm2s_mean"
"610","2022-11-13 00:00:00","fcre",NA,-0.030771050625,"ch4flux_umolm2s_mean"
"611","2022-11-14 00:00:00","fcre",NA,NA,"co2flux_umolm2s_mean"
"612","2022-11-14 00:00:00","fcre",NA,-0.0260593961111111,"ch4flux_umolm2s_mean"
"613","2022-11-20 00:00:00","fcre",NA,NA,"co2flux_umolm2s_mean"
"614","2022-11-20 00:00:00","fcre",NA,-0.026948875,"ch4flux_umolm2s_mean"
"615","2022-11-22 00:00:00","fcre",NA,NA,"co2flux_umolm2s_mean"
"616","2022-11-22 00:00:00","fcre",NA,-0.00720359909090909,"ch4flux_umolm2s_mean"
"617","2022-11-23 00:00:00","fcre",NA,NA,"co2flux_umolm2s_mean"
"618","2022-11-23 00:00:00","fcre",NA,-0.000776988130434783,"ch4flux_umolm2s_mean"
"619","2022-11-24 00:00:00","fcre",NA,NA,"co2flux_umolm2s_mean"
"620","2022-11-24 00:00:00","fcre",NA,-0.00744994166666667,"ch4flux_umolm2s_mean"
"621","2022-11-26 00:00:00","fcre",NA,NA,"co2flux_umolm2s_mean"
"622","2022-11-26 00:00:00","fcre",NA,-0.001135074,"ch4flux_umolm2s_mean"
"623","2022-12-04 00:00:00","fcre",NA,NA,"co2flux_umolm2s_mean"
"624","2022-12-04 00:00:00","fcre",NA,-0.006578002375,"ch4flux_umolm2s_mean"
"625","2022-12-12 00:00:00","fcre",NA,NA,"co2flux_umolm2s_mean"
"626","2022-12-12 00:00:00","fcre",NA,-0.00107614692307692,"ch4flux_umolm2s_mean"
"627","2022-12-14 00:00:00","fcre",NA,NA,"co2flux_umolm2s_mean"
"628","2022-12-14 00:00:00","fcre",NA,-0.0105603384,"ch4flux_umolm2s_mean"
"629","2022-12-27 00:00:00","fcre",NA,NA,"co2flux_umolm2s_mean"
"630","2022-12-27 00:00:00","fcre",NA,-0.00144757333333333,"ch4flux_umolm2s_mean"
"631","2022-12-28 00:00:00","fcre",NA,NA,"co2flux_umolm2s_mean"
"632","2022-12-28 00:00:00","fcre",NA,-0.00554071285714286,"ch4flux_umolm2s_mean"
"633","2022-12-29 00:00:00","fcre",NA,NA,"co2flux_umolm2s_mean"
"634","2022-12-29 00:00:00","fcre",NA,-0.00257698533333333,"ch4flux_umolm2s_mean"
"635","2022-12-30 00:00:00","fcre",NA,NA,"co2flux_umolm2s_mean"
"636","2022-12-30 00:00:00","fcre",NA,-0.000231205714285714,"ch4flux_umolm2s_mean"
"637","2023-01-09 00:00:00","fcre",NA,NA,"co2flux_umolm2s_mean"
"638","2023-01-09 00:00:00","fcre",NA,0.00036246,"ch4flux_umolm2s_mean"
"639","2023-01-10 00:00:00","fcre",NA,NA,"co2flux_umolm2s_mean"
"640","2023-01-10 00:00:00","fcre",NA,0.00290363276923077,"ch4flux_umolm2s_mean"
"641","2023-01-13 00:00:00","fcre",NA,NA,"co2flux_umolm2s_mean"
"642","2023-01-13 00:00:00","fcre",NA,-0.0043737475,"ch4flux_umolm2s_mean"
"643","2023-01-14 00:00:00","fcre",NA,NA,"co2flux_umolm2s_mean"
"644","2023-01-14 00:00:00","fcre",NA,-0.0176747527272727,"ch4flux_umolm2s_mean"
"645","2023-01-15 00:00:00","fcre",NA,NA,"co2flux_umolm2s_mean"
"646","2023-01-15 00:00:00","fcre",NA,-0.0189059976923077,"ch4flux_umolm2s_mean"
"647","2023-01-16 00:00:00","fcre",NA,NA,"co2flux_umolm2s_mean"
"648","2023-01-16 00:00:00","fcre",NA,-0.00468321823529412,"ch4flux_umolm2s_mean"
"649","2023-01-21 00:00:00","fcre",NA,NA,"co2flux_umolm2s_mean"
"650","2023-01-21 00:00:00","fcre",NA,-0.00954817636363636,"ch4flux_umolm2s_mean"
"651","2023-01-24 00:00:00","fcre",NA,NA,"co2flux_umolm2s_mean"
"652","2023-01-24 00:00:00","fcre",NA,-0.004476882,"ch4flux_umolm2s_mean"
"653","2023-01-29 00:00:00","fcre",NA,NA,"co2flux_umolm2s_mean"
"654","2023-01-29 00:00:00","fcre",NA,-0.00342458223529412,"ch4flux_umolm2s_mean"
"655","2023-01-30 00:00:00","fcre",NA,NA,"co2flux_umolm2s_mean"
"656","2023-01-30 00:00:00","fcre",NA,0.00368333333333333,"ch4flux_umolm2s_mean"
"657","2023-02-06 00:00:00","fcre",NA,NA,"co2flux_umolm2s_mean"
"658","2023-02-06 00:00:00","fcre",NA,NA,"ch4flux_umolm2s_mean"
"659","2023-02-10 00:00:00","fcre",NA,NA,"co2flux_umolm2s_mean"
"660","2023-02-10 00:00:00","fcre",NA,0.000598216,"ch4flux_umolm2s_mean"
"661","2023-02-11 00:00:00","fcre",NA,NA,"co2flux_umolm2s_mean"
"662","2023-02-11 00:00:00","fcre",NA,-0.00253837030769231,"ch4flux_umolm2s_mean"
"663","2023-02-12 00:00:00","fcre",NA,NA,"co2flux_umolm2s_mean"
"664","2023-02-12 00:00:00","fcre",NA,-0.0036964875,"ch4flux_umolm2s_mean"
"665","2023-02-13 00:00:00","fcre",NA,NA,"co2flux_umolm2s_mean"
"666","2023-02-13 00:00:00","fcre",NA,0.00285936666666667,"ch4flux_umolm2s_mean"
"667","2023-02-18 00:00:00","fcre",NA,NA,"co2flux_umolm2s_mean"
"668","2023-02-18 00:00:00","fcre",NA,-0.00325973470588235,"ch4flux_umolm2s_mean"
"669","2023-03-08 00:00:00","fcre",NA,NA,"co2flux_umolm2s_mean"
"670","2023-03-08 00:00:00","fcre",NA,-0.006417559375,"ch4flux_umolm2s_mean"
"671","2023-03-09 00:00:00","fcre",NA,NA,"co2flux_umolm2s_mean"
"672","2023-03-09 00:00:00","fcre",NA,-0.00563660764705882,"ch4flux_umolm2s_mean"
"673","2023-03-15 00:00:00","fcre",NA,NA,"co2flux_umolm2s_mean"
"674","2023-03-15 00:00:00","fcre",NA,-0.00393177528,"ch4flux_umolm2s_mean"
"675","2023-03-18 00:00:00","fcre",NA,NA,"co2flux_umolm2s_mean"
"676","2023-03-18 00:00:00","fcre",NA,-0.00205316128421053,"ch4flux_umolm2s_mean"
"677","2023-03-19 00:00:00","fcre",NA,NA,"co2flux_umolm2s_mean"
"678","2023-03-19 00:00:00","fcre",NA,-0.00453828508571429,"ch4flux_umolm2s_mean"
"679","2023-03-20 00:00:00","fcre",NA,NA,"co2flux_umolm2s_mean"
"680","2023-03-20 00:00:00","fcre",NA,-0.00387349708695652,"ch4flux_umolm2s_mean"
"681","2023-03-26 00:00:00","fcre",NA,NA,"co2flux_umolm2s_mean"
"682","2023-03-26 00:00:00","fcre",NA,0.00115889640909091,"ch4flux_umolm2s_mean"
"683","2023-03-28 00:00:00","fcre",NA,NA,"co2flux_umolm2s_mean"
"684","2023-03-28 00:00:00","fcre",NA,0.000921224909090909,"ch4flux_umolm2s_mean"
"685","2023-04-02 00:00:00","fcre",NA,NA,"co2flux_umolm2s_mean"
"686","2023-04-02 00:00:00","fcre",NA,NA,"ch4flux_umolm2s_mean"
"687","2023-04-07 00:00:00","fcre",NA,NA,"co2flux_umolm2s_mean"
"688","2023-04-07 00:00:00","fcre",NA,0.00096022,"ch4flux_umolm2s_mean"
"689","2023-04-12 00:00:00","fcre",NA,NA,"co2flux_umolm2s_mean"
"690","2023-04-12 00:00:00","fcre",NA,0.000731461,"ch4flux_umolm2s_mean"
"691","2023-04-20 00:00:00","fcre",NA,NA,"co2flux_umolm2s_mean"
"692","2023-04-20 00:00:00","fcre",NA,-0.00359886443333333,"ch4flux_umolm2s_mean"
"693","2023-04-24 00:00:00","fcre",NA,-0.02523525,"co2flux_umolm2s_mean"
"694","2023-04-24 00:00:00","fcre",NA,0.0007966646875,"ch4flux_umolm2s_mean"
"695","2023-05-04 00:00:00","fcre",NA,-0.0417733448275862,"co2flux_umolm2s_mean"
"696","2023-05-04 00:00:00","fcre",NA,NA,"ch4flux_umolm2s_mean"
"697","2023-05-09 00:00:00","fcre",NA,1.96558815384615,"co2flux_umolm2s_mean"
"698","2023-05-09 00:00:00","fcre",NA,NA,"ch4flux_umolm2s_mean"
"699","2023-05-17 00:00:00","fcre",NA,3.63951076923077,"co2flux_umolm2s_mean"
"700","2023-05-17 00:00:00","fcre",NA,NA,"ch4flux_umolm2s_mean"
"701","2023-06-02 00:00:00","fcre",NA,-0.0566932777777777,"co2flux_umolm2s_mean"
"702","2023-06-02 00:00:00","fcre",NA,NA,"ch4flux_umolm2s_mean"
"703","2023-06-03 00:00:00","fcre",NA,2.79173462068966,"co2flux_umolm2s_mean"
"704","2023-06-03 00:00:00","fcre",NA,NA,"ch4flux_umolm2s_mean"
"705","2023-06-06 00:00:00","fcre",NA,0.418678482758621,"co2flux_umolm2s_mean"
"706","2023-06-06 00:00:00","fcre",NA,NA,"ch4flux_umolm2s_mean"
"707","2023-06-08 00:00:00","fcre",NA,4.09197076470588,"co2flux_umolm2s_mean"
"708","2023-06-08 00:00:00","fcre",NA,NA,"ch4flux_umolm2s_mean"
"709","2023-06-09 00:00:00","fcre",NA,3.90337486956522,"co2flux_umolm2s_mean"
"710","2023-06-09 00:00:00","fcre",NA,NA,"ch4flux_umolm2s_mean"
"711","2023-06-17 00:00:00","fcre",NA,1.20155988571429,"co2flux_umolm2s_mean"
"712","2023-06-17 00:00:00","fcre",NA,-0.00459057125,"ch4flux_umolm2s_mean"
"713","2023-06-21 00:00:00","fcre",NA,-1.1059756875,"co2flux_umolm2s_mean"
"714","2023-06-21 00:00:00","fcre",NA,-0.004039778,"ch4flux_umolm2s_mean"
"715","2023-06-24 00:00:00","fcre",NA,7.95935751851852,"co2flux_umolm2s_mean"
"716","2023-06-24 00:00:00","fcre",NA,0.0024450612,"ch4flux_umolm2s_mean"
"717","2023-06-25 00:00:00","fcre",NA,3.87856871428571,"co2flux_umolm2s_mean"
"718","2023-06-25 00:00:00","fcre",NA,0.00252458457894737,"ch4flux_umolm2s_mean"
"719","2023-06-28 00:00:00","fcre",NA,0.892720583333333,"co2flux_umolm2s_mean"
"720","2023-06-28 00:00:00","fcre",NA,-0.000346142576923077,"ch4flux_umolm2s_mean"
"721","2023-07-05 00:00:00","fcre",NA,8.37967466666667,"co2flux_umolm2s_mean"
"722","2023-07-05 00:00:00","fcre",NA,0.00778455,"ch4flux_umolm2s_mean"
"723","2023-07-06 00:00:00","fcre",NA,1.70157876190476,"co2flux_umolm2s_mean"
"724","2023-07-06 00:00:00","fcre",NA,0.00683651265,"ch4flux_umolm2s_mean"
"725","2023-07-07 00:00:00","fcre",NA,11.4413099444444,"co2flux_umolm2s_mean"
"726","2023-07-07 00:00:00","fcre",NA,0.00717469583333333,"ch4flux_umolm2s_mean"
"727","2023-07-09 00:00:00","fcre",NA,3.28296585,"co2flux_umolm2s_mean"
"728","2023-07-09 00:00:00","fcre",NA,0.0157233516666667,"ch4flux_umolm2s_mean"
"729","2023-07-10 00:00:00","fcre",NA,6.58092059375,"co2flux_umolm2s_mean"
"730","2023-07-10 00:00:00","fcre",NA,0.00914284592857143,"ch4flux_umolm2s_mean"
"731","2023-07-11 00:00:00","fcre",NA,7.0058405862069,"co2flux_umolm2s_mean"
"732","2023-07-11 00:00:00","fcre",NA,0.0131732869230769,"ch4flux_umolm2s_mean"
"733","2023-07-16 00:00:00","fcre",NA,2.69712107142857,"co2flux_umolm2s_mean"
"734","2023-07-16 00:00:00","fcre",NA,0.00384309176470588,"ch4flux_umolm2s_mean"
"735","2023-07-17 00:00:00","fcre",NA,8.10477492857143,"co2flux_umolm2s_mean"
"736","2023-07-17 00:00:00","fcre",NA,-0.00321380056,"ch4flux_umolm2s_mean"
"737","2023-07-19 00:00:00","fcre",NA,4.3576445,"co2flux_umolm2s_mean"
"738","2023-07-19 00:00:00","fcre",NA,-0.000546230222222222,"ch4flux_umolm2s_mean"
"739","2023-07-20 00:00:00","fcre",NA,14.0201469565217,"co2flux_umolm2s_mean"
"740","2023-07-20 00:00:00","fcre",NA,-0.00183153152941176,"ch4flux_umolm2s_mean"
"741","2023-07-22 00:00:00","fcre",NA,4.92217776,"co2flux_umolm2s_mean"
"742","2023-07-22 00:00:00","fcre",NA,0.0042189909047619,"ch4flux_umolm2s_mean"
"743","2023-07-24 00:00:00","fcre",NA,-0.956659823529412,"co2flux_umolm2s_mean"
"744","2023-07-24 00:00:00","fcre",NA,-0.00388498077777778,"ch4flux_umolm2s_mean"
"745","2023-07-30 00:00:00","fcre",NA,10.3875656666667,"co2flux_umolm2s_mean"
"746","2023-07-30 00:00:00","fcre",NA,0.00501321355,"ch4flux_umolm2s_mean"
"747","2023-07-31 00:00:00","fcre",NA,2.3706379047619,"co2flux_umolm2s_mean"
"748","2023-07-31 00:00:00","fcre",NA,-0.000989869588235294,"ch4flux_umolm2s_mean"
"749","2023-08-01 00:00:00","fcre",NA,-1.49080321304348,"co2flux_umolm2s_mean"
"750","2023-08-01 00:00:00","fcre",NA,0.00207025705,"ch4flux_umolm2s_mean"
"751","2023-08-05 00:00:00","fcre",NA,4.85965530833333,"co2flux_umolm2s_mean"
"752","2023-08-05 00:00:00","fcre",NA,0.00374712416666667,"ch4flux_umolm2s_mean"
"753","2023-08-09 00:00:00","fcre",NA,4.77822595454545,"co2flux_umolm2s_mean"
"754","2023-08-09 00:00:00","fcre",NA,0.00478548906666667,"ch4flux_umolm2s_mean"
"755","2023-08-14 00:00:00","fcre",NA,0.620141,"co2flux_umolm2s_mean"
"756","2023-08-14 00:00:00","fcre",NA,0.00196527389473684,"ch4flux_umolm2s_mean"
"757","2023-08-16 00:00:00","fcre",NA,1.10824203571429,"co2flux_umolm2s_mean"
"758","2023-08-16 00:00:00","fcre",NA,0.00266237131666667,"ch4flux_umolm2s_mean"
"759","2023-08-21 00:00:00","fcre",NA,3.85855218518519,"co2flux_umolm2s_mean"
"760","2023-08-21 00:00:00","fcre",NA,0.00262829965217391,"ch4flux_umolm2s_mean"
"761","2023-08-22 00:00:00","fcre",NA,2.71452248275862,"co2flux_umolm2s_mean"
"762","2023-08-22 00:00:00","fcre",NA,0.0154054704761905,"ch4flux_umolm2s_mean"
"763","2023-08-26 00:00:00","fcre",NA,3.4778012,"co2flux_umolm2s_mean"
"764","2023-08-26 00:00:00","fcre",NA,0.0100535044444444,"ch4flux_umolm2s_mean"
"765","2023-08-30 00:00:00","fcre",NA,4.84745754545454,"co2flux_umolm2s_mean"
"766","2023-08-30 00:00:00","fcre",NA,0.0194009926315789,"ch4flux_umolm2s_mean"
"767","2023-08-31 00:00:00","fcre",NA,-0.978614672727273,"co2flux_umolm2s_mean"
"768","2023-08-31 00:00:00","fcre",NA,0.0144076286785714,"ch4flux_umolm2s_mean"
"769","2023-09-03 00:00:00","fcre",NA,4.40897038095238,"co2flux_umolm2s_mean"
"770","2023-09-03 00:00:00","fcre",NA,-0.00168759021052632,"ch4flux_umolm2s_mean"
"771","2023-09-04 00:00:00","fcre",NA,3.94124734285714,"co2flux_umolm2s_mean"
"772","2023-09-04 00:00:00","fcre",NA,0.0100739345454545,"ch4flux_umolm2s_mean"
"773","2023-09-05 00:00:00","fcre",NA,3.23155164,"co2flux_umolm2s_mean"
"774","2023-09-05 00:00:00","fcre",NA,0.01207063,"ch4flux_umolm2s_mean"
"775","2023-09-06 00:00:00","fcre",NA,0.0425217142857143,"co2flux_umolm2s_mean"
"776","2023-09-06 00:00:00","fcre",NA,0.0112570368095238,"ch4flux_umolm2s_mean"
"777","2023-09-07 00:00:00","fcre",NA,6.14049313043478,"co2flux_umolm2s_mean"
"778","2023-09-07 00:00:00","fcre",NA,0.0119441585714286,"ch4flux_umolm2s_mean"
"779","2023-09-11 00:00:00","fcre",NA,1.67082656,"co2flux_umolm2s_mean"
"780","2023-09-11 00:00:00","fcre",NA,0.000103828277777778,"ch4flux_umolm2s_mean"
"781","2023-09-13 00:00:00","fcre",NA,4.737117125,"co2flux_umolm2s_mean"
"782","2023-09-13 00:00:00","fcre",NA,0.000208926055555556,"ch4flux_umolm2s_mean"
"783","2023-09-15 00:00:00","fcre",NA,-2.07377173913043,"co2flux_umolm2s_mean"
"784","2023-09-15 00:00:00","fcre",NA,-0.00389348991304348,"ch4flux_umolm2s_mean"
"785","2023-09-16 00:00:00","fcre",NA,-2.08015736363636,"co2flux_umolm2s_mean"
"786","2023-09-16 00:00:00","fcre",NA,0.00205051590909091,"ch4flux_umolm2s_mean"
"787","2023-09-18 00:00:00","fcre",NA,2.40787886666667,"co2flux_umolm2s_mean"
"788","2023-09-18 00:00:00","fcre",NA,0.00405897309090909,"ch4flux_umolm2s_mean"
"789","2023-09-19 00:00:00","fcre",NA,3.605027875,"co2flux_umolm2s_mean"
"790","2023-09-19 00:00:00","fcre",NA,-0.00160685144444444,"ch4flux_umolm2s_mean"
"791","2023-09-21 00:00:00","fcre",NA,0.0156777894736842,"co2flux_umolm2s_mean"
"792","2023-09-21 00:00:00","fcre",NA,9.142015e-05,"ch4flux_umolm2s_mean"
"793","2023-09-25 00:00:00","fcre",NA,5.53358889285714,"co2flux_umolm2s_mean"
"794","2023-09-25 00:00:00","fcre",NA,0.0013832444,"ch4flux_umolm2s_mean"
"795","2023-09-29 00:00:00","fcre",NA,1.69529473809524,"co2flux_umolm2s_mean"
"796","2023-09-29 00:00:00","fcre",NA,0.00443508588235294,"ch4flux_umolm2s_mean"
"797","2023-10-01 00:00:00","fcre",NA,3.9295109375,"co2flux_umolm2s_mean"
"798","2023-10-01 00:00:00","fcre",NA,-0.00123780384615385,"ch4flux_umolm2s_mean"
"799","2023-10-02 00:00:00","fcre",NA,1.77527,"co2flux_umolm2s_mean"
"800","2023-10-02 00:00:00","fcre",NA,-0.00063919365,"ch4flux_umolm2s_mean"
"801","2023-10-03 00:00:00","fcre",NA,-0.115312666666667,"co2flux_umolm2s_mean"
"802","2023-10-03 00:00:00","fcre",NA,0.00132575566842105,"ch4flux_umolm2s_mean"
"803","2023-10-04 00:00:00","fcre",NA,-1.21374525,"co2flux_umolm2s_mean"
"804","2023-10-04 00:00:00","fcre",NA,-0.000703470434782609,"ch4flux_umolm2s_mean"
"805","2023-10-05 00:00:00","fcre",NA,-2.11100017647059,"co2flux_umolm2s_mean"
"806","2023-10-05 00:00:00","fcre",NA,-0.000422456616666667,"ch4flux_umolm2s_mean"
"807","2023-10-06 00:00:00","fcre",NA,-0.2301945,"co2flux_umolm2s_mean"
"808","2023-10-06 00:00:00","fcre",NA,0.0112624579285714,"ch4flux_umolm2s_mean"
"809","2023-10-07 00:00:00","fcre",NA,1.76938189189189,"co2flux_umolm2s_mean"
"810","2023-10-07 00:00:00","fcre",NA,0.0064487236,"ch4flux_umolm2s_mean"
"811","2023-10-11 00:00:00","fcre",NA,0.919932509523809,"co2flux_umolm2s_mean"
"812","2023-10-11 00:00:00","fcre",NA,0.000842810714285714,"ch4flux_umolm2s_mean"
"813","2023-10-12 00:00:00","fcre",NA,1.00245666666667,"co2flux_umolm2s_mean"
"814","2023-10-12 00:00:00","fcre",NA,0.00591685036842105,"ch4flux_umolm2s_mean"
"815","2023-10-15 00:00:00","fcre",NA,0.937907235294118,"co2flux_umolm2s_mean"
"816","2023-10-15 00:00:00","fcre",NA,0.0184633056521739,"ch4flux_umolm2s_mean"
"817","2023-10-16 00:00:00","fcre",NA,1.60961491176471,"co2flux_umolm2s_mean"
"818","2023-10-16 00:00:00","fcre",NA,0.0037502413,"ch4flux_umolm2s_mean"
"819","2023-10-17 00:00:00","fcre",NA,2.04681473243243,"co2flux_umolm2s_mean"
"820","2023-10-17 00:00:00","fcre",NA,0.00231133471428571,"ch4flux_umolm2s_mean"
"821","2023-10-24 00:00:00","fcre",NA,0.382946848,"co2flux_umolm2s_mean"
"822","2023-10-24 00:00:00","fcre",NA,-0.0026945567826087,"ch4flux_umolm2s_mean"
"823","2023-10-26 00:00:00","fcre",NA,-0.0297859444444444,"co2flux_umolm2s_mean"
"824","2023-10-26 00:00:00","fcre",NA,0.00739570875,"ch4flux_umolm2s_mean"
"825","2023-10-27 00:00:00","fcre",NA,-0.536545083333333,"co2flux_umolm2s_mean"
"826","2023-10-27 00:00:00","fcre",NA,0.010264411,"ch4flux_umolm2s_mean"
"827","2023-10-28 00:00:00","fcre",NA,1.4990749,"co2flux_umolm2s_mean"
"828","2023-10-28 00:00:00","fcre",NA,0.010911705625,"ch4flux_umolm2s_mean"
"829","2023-11-01 00:00:00","fcre",NA,1.70980892857143,"co2flux_umolm2s_mean"
"830","2023-11-01 00:00:00","fcre",NA,-0.000157805620689655,"ch4flux_umolm2s_mean"
"831","2023-11-04 00:00:00","fcre",NA,2.87730868,"co2flux_umolm2s_mean"
"832","2023-11-04 00:00:00","fcre",NA,-0.00414793305,"ch4flux_umolm2s_mean"
"833","2023-11-16 00:00:00","fcre",NA,1.02282674074074,"co2flux_umolm2s_mean"
"834","2023-11-16 00:00:00","fcre",NA,-0.00307286985185185,"ch4flux_umolm2s_mean"
"835","2023-11-18 00:00:00","fcre",NA,3.15934436363636,"co2flux_umolm2s_mean"
"836","2023-11-18 00:00:00","fcre",NA,0.0018463925,"ch4flux_umolm2s_mean"
"837","2023-11-19 00:00:00","fcre",NA,2.992179375,"co2flux_umolm2s_mean"
"838","2023-11-19 00:00:00","fcre",NA,-0.00282230135714286,"ch4flux_umolm2s_mean"
"839","2023-11-20 00:00:00","fcre",NA,3.74183444444444,"co2flux_umolm2s_mean"
"840","2023-11-20 00:00:00","fcre",NA,-0.0100774578571429,"ch4flux_umolm2s_mean"
"841","2023-11-24 00:00:00","fcre",NA,2.79449616666667,"co2flux_umolm2s_mean"
"842","2023-11-24 00:00:00","fcre",NA,NA,"ch4flux_umolm2s_mean"
"843","2023-12-01 00:00:00","fcre",NA,0.975001,"co2flux_umolm2s_mean"
"844","2023-12-01 00:00:00","fcre",NA,NA,"ch4flux_umolm2s_mean"
"845","2023-12-05 00:00:00","fcre",NA,2.2533780875,"co2flux_umolm2s_mean"
"846","2023-12-05 00:00:00","fcre",NA,-0.00416246718181818,"ch4flux_umolm2s_mean"
"847","2023-12-06 00:00:00","fcre",NA,2.48133484615385,"co2flux_umolm2s_mean"
"848","2023-12-06 00:00:00","fcre",NA,-0.00309532135217391,"ch4flux_umolm2s_mean"
"849","2023-12-09 00:00:00","fcre",NA,0.275945555555556,"co2flux_umolm2s_mean"
"850","2023-12-09 00:00:00","fcre",NA,-0.000147253590909091,"ch4flux_umolm2s_mean"
"851","2023-12-11 00:00:00","fcre",NA,0.982593125,"co2flux_umolm2s_mean"
"852","2023-12-11 00:00:00","fcre",NA,-0.00469000019230769,"ch4flux_umolm2s_mean"
"853","2023-12-12 00:00:00","fcre",NA,3.18611432,"co2flux_umolm2s_mean"
"854","2023-12-12 00:00:00","fcre",NA,-0.004505023328,"ch4flux_umolm2s_mean"
"855","2023-12-13 00:00:00","fcre",NA,1.14047885,"co2flux_umolm2s_mean"
"856","2023-12-13 00:00:00","fcre",NA,-0.0008281478125,"ch4flux_umolm2s_mean"
"857","2023-12-14 00:00:00","fcre",NA,2.18405640740741,"co2flux_umolm2s_mean"
"858","2023-12-14 00:00:00","fcre",NA,-0.00536727406896552,"ch4flux_umolm2s_mean"
"859","2023-12-15 00:00:00","fcre",NA,1.31740841935484,"co2flux_umolm2s_mean"
"860","2023-12-15 00:00:00","fcre",NA,-0.0026481955969697,"ch4flux_umolm2s_mean"
"861","2023-12-16 00:00:00","fcre",NA,1.62192336842105,"co2flux_umolm2s_mean"
"862","2023-12-16 00:00:00","fcre",NA,-0.00327086370740741,"ch4flux_umolm2s_mean"
"863","2023-12-19 00:00:00","fcre",NA,0.819178689655172,"co2flux_umolm2s_mean"
"864","2023-12-19 00:00:00","fcre",NA,-0.00345258993939394,"ch4flux_umolm2s_mean"
"865","2023-12-20 00:00:00","fcre",NA,1.73551390625,"co2flux_umolm2s_mean"
"866","2023-12-20 00:00:00","fcre",NA,-0.00441159880555556,"ch4flux_umolm2s_mean"
"867","2023-12-21 00:00:00","fcre",NA,0.688311111111111,"co2flux_umolm2s_mean"
"868","2023-12-21 00:00:00","fcre",NA,-0.00243635490322581,"ch4flux_umolm2s_mean"
"869","2023-12-22 00:00:00","fcre",NA,1.095976125,"co2flux_umolm2s_mean"
"870","2023-12-22 00:00:00","fcre",NA,-0.0039310115,"ch4flux_umolm2s_mean"
"871","2023-12-24 00:00:00","fcre",NA,-0.592606761904762,"co2flux_umolm2s_mean"
"872","2023-12-24 00:00:00","fcre",NA,0.00210410683913043,"ch4flux_umolm2s_mean"
"873","2023-12-25 00:00:00","fcre",NA,0.254489583333333,"co2flux_umolm2s_mean"
"874","2023-12-25 00:00:00","fcre",NA,0.00221091742857143,"ch4flux_umolm2s_mean"
"875","2023-12-28 00:00:00","fcre",NA,3.292541125,"co2flux_umolm2s_mean"
"876","2023-12-28 00:00:00","fcre",NA,0.00237634816666667,"ch4flux_umolm2s_mean"
"877","2023-12-29 00:00:00","fcre",NA,1.99296002702703,"co2flux_umolm2s_mean"
"878","2023-12-29 00:00:00","fcre",NA,-0.00309797827272727,"ch4flux_umolm2s_mean"
"879","2024-01-01 00:00:00","fcre",NA,1.30714092307692,"co2flux_umolm2s_mean"
"880","2024-01-01 00:00:00","fcre",NA,-0.00148910892592593,"ch4flux_umolm2s_mean"
"881","2024-01-02 00:00:00","fcre",NA,1.19645853658537,"co2flux_umolm2s_mean"
"882","2024-01-02 00:00:00","fcre",NA,-0.00179047619047619,"ch4flux_umolm2s_mean"
"883","2024-01-03 00:00:00","fcre",NA,1.62863,"co2flux_umolm2s_mean"
"884","2024-01-03 00:00:00","fcre",NA,-0.00395925925925926,"ch4flux_umolm2s_mean"
"885","2024-01-04 00:00:00","fcre",NA,0.895492307692308,"co2flux_umolm2s_mean"
"886","2024-01-04 00:00:00","fcre",NA,-0.00269354838709677,"ch4flux_umolm2s_mean"
"887","2024-01-05 00:00:00","fcre",NA,1.470025,"co2flux_umolm2s_mean"
"888","2024-01-05 00:00:00","fcre",NA,-0.00395,"ch4flux_umolm2s_mean"
"889","2024-01-17 00:00:00","fcre",NA,2.33693214285714,"co2flux_umolm2s_mean"
"890","2024-01-17 00:00:00","fcre",NA,-0.00312068965517241,"ch4flux_umolm2s_mean"
"891","2024-01-21 00:00:00","fcre",NA,1.61898378378378,"co2flux_umolm2s_mean"
"892","2024-01-21 00:00:00","fcre",NA,-0.000877777777777778,"ch4flux_umolm2s_mean"
"893","2024-01-22 00:00:00","fcre",NA,-0.13001875,"co2flux_umolm2s_mean"
"894","2024-01-22 00:00:00","fcre",NA,-0.00255652173913043,"ch4flux_umolm2s_mean"
"895","2024-01-23 00:00:00","fcre",NA,-0.334611111111111,"co2flux_umolm2s_mean"
"896","2024-01-23 00:00:00","fcre",NA,-0.00120555555555556,"ch4flux_umolm2s_mean"
"897","2024-01-29 00:00:00","fcre",NA,1.75715675675676,"co2flux_umolm2s_mean"
"898","2024-01-29 00:00:00","fcre",NA,0.00123333333333333,"ch4flux_umolm2s_mean"
"899","2024-02-02 00:00:00","fcre",NA,-0.146183333333333,"co2flux_umolm2s_mean"
"900","2024-02-02 00:00:00","fcre",NA,5.29411764705882e-05,"ch4flux_umolm2s_mean"
"901","2024-02-03 00:00:00","fcre",NA,1.44862307692308,"co2flux_umolm2s_mean"
"902","2024-02-03 00:00:00","fcre",NA,-0.00159090909090909,"ch4flux_umolm2s_mean"
"903","2024-02-06 00:00:00","fcre",NA,0.729124137931034,"co2flux_umolm2s_mean"
"904","2024-02-06 00:00:00","fcre",NA,-0.00184516129032258,"ch4flux_umolm2s_mean"
"905","2024-02-07 00:00:00","fcre",NA,1.1733,"co2flux_umolm2s_mean"
"906","2024-02-07 00:00:00","fcre",NA,-0.00344761904761905,"ch4flux_umolm2s_mean"
"907","2024-02-17 00:00:00","fcre",NA,0.570766666666667,"co2flux_umolm2s_mean"
"908","2024-02-17 00:00:00","fcre",NA,-0.002055,"ch4flux_umolm2s_mean"
"909","2024-02-25 00:00:00","fcre",NA,1.02304074074074,"co2flux_umolm2s_mean"
"910","2024-02-25 00:00:00","fcre",NA,-0.00298461538461538,"ch4flux_umolm2s_mean"
"911","2024-03-02 00:00:00","fcre",NA,0.169947368421053,"co2flux_umolm2s_mean"
"912","2024-03-02 00:00:00","fcre",NA,0.00152857142857143,"ch4flux_umolm2s_mean"
"913","2024-03-04 00:00:00","fcre",NA,-2.31878,"co2flux_umolm2s_mean"
"914","2024-03-04 00:00:00","fcre",NA,-0.00055,"ch4flux_umolm2s_mean"
"915","2024-03-07 00:00:00","fcre",NA,3.29538823529412,"co2flux_umolm2s_mean"
"916","2024-03-07 00:00:00","fcre",NA,-0.00175333333333333,"ch4flux_umolm2s_mean"
"917","2024-03-13 00:00:00","fcre",NA,2.26798095238095,"co2flux_umolm2s_mean"
"918","2024-03-13 00:00:00","fcre",NA,0.00264117647058824,"ch4flux_umolm2s_mean"
"919","2024-03-18 00:00:00","fcre",NA,0.638080769230769,"co2flux_umolm2s_mean"
"920","2024-03-18 00:00:00","fcre",NA,-0.00495217391304348,"ch4flux_umolm2s_mean"
"921","2024-03-23 00:00:00","fcre",NA,1.88977777777778,"co2flux_umolm2s_mean"
"922","2024-03-23 00:00:00","fcre",NA,0.0065,"ch4flux_umolm2s_mean"
"923","2024-03-24 00:00:00","fcre",NA,0.207604347826087,"co2flux_umolm2s_mean"
"924","2024-03-24 00:00:00","fcre",NA,-0.00354137931034483,"ch4flux_umolm2s_mean"
"925","2024-03-28 00:00:00","fcre",NA,1.43072413793103,"co2flux_umolm2s_mean"
"926","2024-03-28 00:00:00","fcre",NA,0.001184,"ch4flux_umolm2s_mean"
"927","2024-04-06 00:00:00","fcre",NA,0.98305625,"co2flux_umolm2s_mean"
"928","2024-04-06 00:00:00","fcre",NA,-0.00234411764705882,"ch4flux_umolm2s_mean"
"929","2024-04-07 00:00:00","fcre",NA,1.62185483870968,"co2flux_umolm2s_mean"
"930","2024-04-07 00:00:00","fcre",NA,-0.00270333333333333,"ch4flux_umolm2s_mean"
"931","2024-04-22 00:00:00","fcre",NA,1.48873529411765,"co2flux_umolm2s_mean"
"932","2024-04-22 00:00:00","fcre",NA,0.0105424242424242,"ch4flux_umolm2s_mean"
"933","2024-05-01 00:00:00","fcre",NA,4.74043461538462,"co2flux_umolm2s_mean"
"934","2024-05-01 00:00:00","fcre",NA,0.000609523809523809,"ch4flux_umolm2s_mean"
